url,audio_feature_path,lexical_feature_path,pos_count,neg_count
https://www.ted.com/talks/ken_robinson_says_schools_kill_creativity,ted/features/audio/audio_0.pt,ted/features/lexical/lexical_0.pt,91538,2312
https://www.ted.com/talks/al_gore_on_averting_climate_crisis,ted/features/audio/audio_1.pt,ted/features/lexical/lexical_1.pt,2169,767
https://www.ted.com/talks/david_pogue_says_simplicity_sells,ted/features/audio/audio_2.pt,ted/features/lexical/lexical_2.pt,2327,497
https://www.ted.com/talks/majora_carter_s_tale_of_urban_renewal,ted/features/audio/audio_3.pt,ted/features/lexical/lexical_3.pt,3487,241
https://www.ted.com/talks/hans_rosling_shows_the_best_stats_you_ve_ever_seen,ted/features/audio/audio_4.pt,ted/features/lexical/lexical_4.pt,25062,558
https://www.ted.com/talks/tony_robbins_asks_why_we_do_what_we_do,ted/features/audio/audio_5.pt,ted/features/lexical/lexical_5.pt,13617,1739
https://www.ted.com/talks/julia_sweeney_on_letting_go_of_god,ted/features/audio/audio_6.pt,ted/features/lexical/lexical_6.pt,4910,1088
https://www.ted.com/talks/joshua_prince_ramus_on_seattle_s_library,ted/features/audio/audio_7.pt,ted/features/lexical/lexical_7.pt,879,145
https://www.ted.com/talks/dan_dennett_s_response_to_rick_warren,ted/features/audio/audio_8.pt,ted/features/lexical/lexical_8.pt,3179,767
https://www.ted.com/talks/rick_warren_on_a_life_of_purpose,ted/features/audio/audio_9.pt,ted/features/lexical/lexical_9.pt,6456,1871
https://www.ted.com/talks/cameron_sinclair_on_open_source_architecture,ted/features/audio/audio_10.pt,ted/features/lexical/lexical_10.pt,1665,115
https://www.ted.com/talks/jehane_noujaim_inspires_a_global_day_of_film,ted/features/audio/audio_11.pt,ted/features/lexical/lexical_11.pt,528,64
https://www.ted.com/talks/larry_brilliant_wants_to_stop_pandemics,ted/features/audio/audio_12.pt,ted/features/lexical/lexical_12.pt,854,32
https://www.ted.com/talks/jeff_han_demos_his_breakthrough_touchscreen,ted/features/audio/audio_13.pt,ted/features/lexical/lexical_13.pt,8000,317
https://www.ted.com/talks/nicholas_negroponte_on_one_laptop_per_child,ted/features/audio/audio_14.pt,ted/features/lexical/lexical_14.pt,683,98
https://www.ted.com/talks/sirena_huang_dazzles_on_violin,ted/features/audio/audio_15.pt,ted/features/lexical/lexical_15.pt,6051,188
https://www.ted.com/talks/jennifer_lin_improvs_piano_magic,ted/features/audio/audio_16.pt,ted/features/lexical/lexical_16.pt,4470,209
https://www.ted.com/talks/amy_smith_shares_simple_lifesaving_design,ted/features/audio/audio_17.pt,ted/features/lexical/lexical_17.pt,1715,73
https://www.ted.com/talks/ross_lovegrove_shares_organic_designs,ted/features/audio/audio_18.pt,ted/features/lexical/lexical_18.pt,1341,590
https://www.ted.com/talks/jimmy_wales_on_the_birth_of_wikipedia,ted/features/audio/audio_19.pt,ted/features/lexical/lexical_19.pt,1419,152
https://www.ted.com/talks/richard_baraniuk_on_open_source_learning,ted/features/audio/audio_20.pt,ted/features/lexical/lexical_20.pt,1038,139
https://www.ted.com/talks/ze_frank_s_nerdcore_comedy,ted/features/audio/audio_21.pt,ted/features/lexical/lexical_21.pt,3869,1295
https://www.ted.com/talks/mena_trott_tours_her_blog_world,ted/features/audio/audio_22.pt,ted/features/lexical/lexical_22.pt,430,354
https://www.ted.com/talks/helen_fisher_tells_us_why_we_love_cheat,ted/features/audio/audio_23.pt,ted/features/lexical/lexical_23.pt,9666,1114
https://www.ted.com/talks/eve_ensler_on_happiness_in_body_and_soul,ted/features/audio/audio_24.pt,ted/features/lexical/lexical_24.pt,2430,140
https://www.ted.com/talks/david_deutsch_on_our_place_in_the_cosmos,ted/features/audio/audio_25.pt,ted/features/lexical/lexical_25.pt,3314,230
https://www.ted.com/talks/richard_dawkins_on_our_queer_universe,ted/features/audio/audio_26.pt,ted/features/lexical/lexical_26.pt,4288,306
https://www.ted.com/talks/steven_levitt_analyzes_crack_economics,ted/features/audio/audio_27.pt,ted/features/lexical/lexical_27.pt,1914,122
https://www.ted.com/talks/malcolm_gladwell_on_spaghetti_sauce,ted/features/audio/audio_28.pt,ted/features/lexical/lexical_28.pt,9881,797
https://www.ted.com/talks/dan_gilbert_asks_why_are_we_happy,ted/features/audio/audio_29.pt,ted/features/lexical/lexical_29.pt,18744,1090
https://www.ted.com/talks/barry_schwartz_on_the_paradox_of_choice,ted/features/audio/audio_30.pt,ted/features/lexical/lexical_30.pt,13853,1092
https://www.ted.com/talks/eva_vertes_looks_to_the_future_of_medicine,ted/features/audio/audio_31.pt,ted/features/lexical/lexical_31.pt,1786,285
https://www.ted.com/talks/aubrey_de_grey_says_we_can_avoid_aging,ted/features/audio/audio_32.pt,ted/features/lexical/lexical_32.pt,4489,995
https://www.ted.com/talks/iqbal_quadir_says_mobiles_fight_poverty,ted/features/audio/audio_33.pt,ted/features/lexical/lexical_33.pt,636,70
https://www.ted.com/talks/jacqueline_novogratz_invests_in_ending_poverty,ted/features/audio/audio_34.pt,ted/features/lexical/lexical_34.pt,706,49
https://www.ted.com/talks/sasa_vucinic_invests_in_free_press,ted/features/audio/audio_35.pt,ted/features/lexical/lexical_35.pt,360,75
https://www.ted.com/talks/ashraf_ghani_on_rebuilding_broken_states,ted/features/audio/audio_36.pt,ted/features/lexical/lexical_36.pt,749,143
https://www.ted.com/talks/burt_rutan_sees_the_future_of_space,ted/features/audio/audio_37.pt,ted/features/lexical/lexical_37.pt,1689,332
https://www.ted.com/talks/ben_saunders_skis_to_the_north_pole,ted/features/audio/audio_38.pt,ted/features/lexical/lexical_38.pt,957,56
https://www.ted.com/talks/bono_s_call_to_action_for_africa,ted/features/audio/audio_39.pt,ted/features/lexical/lexical_39.pt,829,140
https://www.ted.com/talks/edward_burtynsky_on_manufactured_landscapes,ted/features/audio/audio_40.pt,ted/features/lexical/lexical_40.pt,836,116
https://www.ted.com/talks/robert_fischell_on_medical_inventing,ted/features/audio/audio_41.pt,ted/features/lexical/lexical_41.pt,426,73
https://www.ted.com/talks/peter_donnelly_shows_how_stats_fool_juries,ted/features/audio/audio_42.pt,ted/features/lexical/lexical_42.pt,1962,253
https://www.ted.com/talks/michael_shermer_on_believing_strange_things,ted/features/audio/audio_43.pt,ted/features/lexical/lexical_43.pt,8112,633
https://www.ted.com/talks/ray_kurzweil_on_how_technology_will_transform_us,ted/features/audio/audio_44.pt,ted/features/lexical/lexical_44.pt,2772,520
https://www.ted.com/talks/kevin_kelly_on_how_technology_evolves,ted/features/audio/audio_45.pt,ted/features/lexical/lexical_45.pt,2281,505
https://www.ted.com/talks/peter_gabriel_fights_injustice_with_video,ted/features/audio/audio_46.pt,ted/features/lexical/lexical_46.pt,763,86
https://www.ted.com/talks/richard_st_john_s_8_secrets_of_success,ted/features/audio/audio_47.pt,ted/features/lexical/lexical_47.pt,13988,1025
https://www.ted.com/talks/rives_controls_the_internet,ted/features/audio/audio_48.pt,ted/features/lexical/lexical_48.pt,2299,350
https://www.ted.com/talks/dean_ornish_on_the_world_s_killer_diet,ted/features/audio/audio_49.pt,ted/features/lexical/lexical_49.pt,1502,244
https://www.ted.com/talks/robert_neuwirth_on_our_shadow_cities,ted/features/audio/audio_50.pt,ted/features/lexical/lexical_50.pt,692,312
https://www.ted.com/talks/bjorn_lomborg_sets_global_priorities,ted/features/audio/audio_51.pt,ted/features/lexical/lexical_51.pt,3187,1002
https://www.ted.com/talks/wade_davis_on_endangered_cultures,ted/features/audio/audio_52.pt,ted/features/lexical/lexical_52.pt,4361,254
https://www.ted.com/talks/phil_borges_on_endangered_cultures,ted/features/audio/audio_53.pt,ted/features/lexical/lexical_53.pt,619,100
https://www.ted.com/talks/martin_rees_asks_is_this_our_final_century,ted/features/audio/audio_54.pt,ted/features/lexical/lexical_54.pt,2565,392
https://www.ted.com/talks/robert_wright_on_optimism,ted/features/audio/audio_55.pt,ted/features/lexical/lexical_55.pt,1705,433
https://www.ted.com/talks/steven_johnson_tours_the_ghost_map,ted/features/audio/audio_56.pt,ted/features/lexical/lexical_56.pt,831,87
https://www.ted.com/talks/charles_leadbeater_on_innovation,ted/features/audio/audio_57.pt,ted/features/lexical/lexical_57.pt,1436,133
https://www.ted.com/talks/anna_deavere_smith_s_american_character,ted/features/audio/audio_58.pt,ted/features/lexical/lexical_58.pt,1346,128
https://www.ted.com/talks/saul_griffith_on_everyday_inventions,ted/features/audio/audio_59.pt,ted/features/lexical/lexical_59.pt,365,206
https://www.ted.com/talks/neil_gershenfeld_on_fab_labs,ted/features/audio/audio_60.pt,ted/features/lexical/lexical_60.pt,820,107
https://www.ted.com/talks/carl_honore_praises_slowness,ted/features/audio/audio_61.pt,ted/features/lexical/lexical_61.pt,3287,318
https://www.ted.com/talks/bill_clinton_on_rebuilding_rwanda,ted/features/audio/audio_62.pt,ted/features/lexical/lexical_62.pt,1049,133
https://www.ted.com/talks/e_o_wilson_on_saving_life_on_earth,ted/features/audio/audio_63.pt,ted/features/lexical/lexical_63.pt,1588,159
https://www.ted.com/talks/james_nachtwey_s_searing_pictures_of_war,ted/features/audio/audio_64.pt,ted/features/lexical/lexical_64.pt,2264,103
https://www.ted.com/talks/jane_goodall_on_what_separates_us_from_the_apes,ted/features/audio/audio_65.pt,ted/features/lexical/lexical_65.pt,2956,218
https://www.ted.com/talks/seth_godin_on_sliced_bread,ted/features/audio/audio_66.pt,ted/features/lexical/lexical_66.pt,4934,320
https://www.ted.com/talks/james_watson_on_how_he_discovered_dna,ted/features/audio/audio_67.pt,ted/features/lexical/lexical_67.pt,1523,385
https://www.ted.com/talks/al_seckel_says_our_brains_are_mis_wired,ted/features/audio/audio_68.pt,ted/features/lexical/lexical_68.pt,1378,624
https://www.ted.com/talks/dean_kamen_on_inventing_and_giving,ted/features/audio/audio_69.pt,ted/features/lexical/lexical_69.pt,545,131
https://www.ted.com/talks/juan_enriquez_on_genomics_and_our_future,ted/features/audio/audio_70.pt,ted/features/lexical/lexical_70.pt,1293,81
https://www.ted.com/talks/stefan_sagmeister_shares_happy_design,ted/features/audio/audio_71.pt,ted/features/lexical/lexical_71.pt,1695,306
https://www.ted.com/talks/alex_steffen_sees_a_sustainable_future,ted/features/audio/audio_72.pt,ted/features/lexical/lexical_72.pt,1522,149
https://www.ted.com/talks/thom_mayne_on_architecture_as_connection,ted/features/audio/audio_73.pt,ted/features/lexical/lexical_73.pt,304,252
https://www.ted.com/talks/chris_bangle_says_great_cars_are_art,ted/features/audio/audio_74.pt,ted/features/lexical/lexical_74.pt,606,322
https://www.ted.com/talks/nora_york_sings_what_i_want,ted/features/audio/audio_75.pt,ted/features/lexical/lexical_75.pt,311,74
https://www.ted.com/talks/paul_bennett_finds_design_in_the_details,ted/features/audio/audio_76.pt,ted/features/lexical/lexical_76.pt,842,101
https://www.ted.com/talks/vik_muniz_makes_art_with_wire_sugar,ted/features/audio/audio_77.pt,ted/features/lexical/lexical_77.pt,2338,100
https://www.ted.com/talks/nick_bostrom_on_our_biggest_problems,ted/features/audio/audio_78.pt,ted/features/lexical/lexical_78.pt,623,708
https://www.ted.com/talks/janine_benyus_shares_nature_s_designs,ted/features/audio/audio_79.pt,ted/features/lexical/lexical_79.pt,3314,127
https://www.ted.com/talks/craig_venter_on_dna_and_the_sea,ted/features/audio/audio_80.pt,ted/features/lexical/lexical_80.pt,622,44
https://www.ted.com/talks/golan_levin_on_software_as_art,ted/features/audio/audio_81.pt,ted/features/lexical/lexical_81.pt,316,368
https://www.ted.com/talks/susan_savage_rumbaugh_on_apes_that_write,ted/features/audio/audio_82.pt,ted/features/lexical/lexical_82.pt,5535,206
https://www.ted.com/talks/frans_lanting_s_lyrical_nature_photos,ted/features/audio/audio_83.pt,ted/features/lexical/lexical_83.pt,3909,441
https://www.ted.com/talks/sheila_patek_clocks_the_fastest_animals,ted/features/audio/audio_84.pt,ted/features/lexical/lexical_84.pt,1949,104
https://www.ted.com/talks/jill_sobule_sings_to_al_gore,ted/features/audio/audio_85.pt,ted/features/lexical/lexical_85.pt,471,128
https://www.ted.com/talks/caroline_lavelle_casts_a_spell_on_cello,ted/features/audio/audio_86.pt,ted/features/lexical/lexical_86.pt,324,113
https://www.ted.com/talks/dan_dennett_on_our_consciousness,ted/features/audio/audio_87.pt,ted/features/lexical/lexical_87.pt,2310,896
https://www.ted.com/talks/evelyn_glennie_shows_how_to_listen,ted/features/audio/audio_88.pt,ted/features/lexical/lexical_88.pt,8006,332
https://www.ted.com/talks/william_mcdonough_on_cradle_to_cradle_design,ted/features/audio/audio_89.pt,ted/features/lexical/lexical_89.pt,3129,174
https://www.ted.com/talks/jeff_bezos_on_the_next_web_innovation,ted/features/audio/audio_90.pt,ted/features/lexical/lexical_90.pt,838,230
https://www.ted.com/talks/rives_remixes_ted2006,ted/features/audio/audio_91.pt,ted/features/lexical/lexical_91.pt,980,48
https://www.ted.com/talks/eddi_reader_sings_kiteflyer_s_hill,ted/features/audio/audio_92.pt,ted/features/lexical/lexical_92.pt,539,82
https://www.ted.com/talks/eddi_reader_sings_about_what_you_ve_got,ted/features/audio/audio_93.pt,ted/features/lexical/lexical_93.pt,574,75
https://www.ted.com/talks/tom_honey_on_god_and_the_tsunami,ted/features/audio/audio_94.pt,ted/features/lexical/lexical_94.pt,1336,639
https://www.ted.com/talks/richard_dawkins_on_militant_atheism,ted/features/audio/audio_95.pt,ted/features/lexical/lexical_95.pt,13509,1395
https://www.ted.com/talks/tom_rielly_delivers_a_comic_send_up_of_ted2006,ted/features/audio/audio_96.pt,ted/features/lexical/lexical_96.pt,837,334
https://www.ted.com/talks/thomas_dolby_and_rachelle_garniez,ted/features/audio/audio_97.pt,ted/features/lexical/lexical_97.pt,414,107
https://www.ted.com/talks/chris_anderson_of_wired_on_tech_s_long_tail,ted/features/audio/audio_98.pt,ted/features/lexical/lexical_98.pt,615,172
https://www.ted.com/talks/natalie_macmaster_fiddles_in_reel_time,ted/features/audio/audio_99.pt,ted/features/lexical/lexical_99.pt,641,164
https://www.ted.com/talks/sergey_brin_and_larry_page_on_google,ted/features/audio/audio_100.pt,ted/features/lexical/lexical_100.pt,877,427
https://www.ted.com/talks/stew_says_black_men_ski,ted/features/audio/audio_101.pt,ted/features/lexical/lexical_101.pt,634,233
https://www.ted.com/talks/james_howard_kunstler_dissects_suburbia,ted/features/audio/audio_102.pt,ted/features/lexical/lexical_102.pt,5326,528
https://www.ted.com/talks/david_kelley_on_human_centered_design,ted/features/audio/audio_103.pt,ted/features/lexical/lexical_103.pt,541,118
https://www.ted.com/talks/stewart_brand_on_squatter_cities,ted/features/audio/audio_104.pt,ted/features/lexical/lexical_104.pt,453,589
https://www.ted.com/talks/jeff_hawkins_on_how_brain_science_will_change_computing,ted/features/audio/audio_105.pt,ted/features/lexical/lexical_105.pt,3100,174
https://www.ted.com/talks/tierney_thys_swims_with_the_giant_sunfish,ted/features/audio/audio_106.pt,ted/features/lexical/lexical_106.pt,1468,82
https://www.ted.com/talks/blaise_aguera_y_arcas_demos_photosynth,ted/features/audio/audio_107.pt,ted/features/lexical/lexical_107.pt,20448,297
https://www.ted.com/talks/john_doerr_sees_salvation_and_profit_in_greentech,ted/features/audio/audio_108.pt,ted/features/lexical/lexical_108.pt,1164,190
https://www.ted.com/talks/ngozi_okonjo_iweala_on_doing_business_in_africa,ted/features/audio/audio_109.pt,ted/features/lexical/lexical_109.pt,1337,67
https://www.ted.com/talks/anand_agarawala_demos_his_bumptop_desktop,ted/features/audio/audio_110.pt,ted/features/lexical/lexical_110.pt,1836,202
https://www.ted.com/talks/bob_thurman_says_we_can_be_buddhas,ted/features/audio/audio_111.pt,ted/features/lexical/lexical_111.pt,2433,286
https://www.ted.com/talks/david_rockwell_builds_at_ground_zero,ted/features/audio/audio_112.pt,ted/features/lexical/lexical_112.pt,128,169
https://www.ted.com/talks/thomas_barnett_draws_a_new_map_for_peace,ted/features/audio/audio_113.pt,ted/features/lexical/lexical_113.pt,2529,267
https://www.ted.com/talks/stephen_lawler_tours_microsoft_virtual_earth,ted/features/audio/audio_114.pt,ted/features/lexical/lexical_114.pt,288,121
https://www.ted.com/talks/hans_rosling_reveals_new_insights_on_poverty,ted/features/audio/audio_115.pt,ted/features/lexical/lexical_115.pt,12596,187
https://www.ted.com/talks/bill_stone_explores_the_earth_and_space,ted/features/audio/audio_116.pt,ted/features/lexical/lexical_116.pt,4055,219
https://www.ted.com/talks/dan_dennett_on_dangerous_memes,ted/features/audio/audio_117.pt,ted/features/lexical/lexical_117.pt,4623,704
https://www.ted.com/talks/alan_russell_on_regenerating_our_bodies,ted/features/audio/audio_118.pt,ted/features/lexical/lexical_118.pt,2559,117
https://www.ted.com/talks/jonathan_harris_tells_the_web_s_secret_stories,ted/features/audio/audio_119.pt,ted/features/lexical/lexical_119.pt,3474,457
https://www.ted.com/talks/emily_oster_flips_our_thinking_on_aids_in_africa,ted/features/audio/audio_120.pt,ted/features/lexical/lexical_120.pt,859,279
https://www.ted.com/talks/will_wright_makes_toys_that_make_worlds,ted/features/audio/audio_121.pt,ted/features/lexical/lexical_121.pt,3647,250
https://www.ted.com/talks/rives_on_4_a_m,ted/features/audio/audio_122.pt,ted/features/lexical/lexical_122.pt,4346,614
https://www.ted.com/talks/david_bolinsky_animates_a_cell,ted/features/audio/audio_123.pt,ted/features/lexical/lexical_123.pt,4955,354
https://www.ted.com/talks/allison_hunt_gets_a_new_hip,ted/features/audio/audio_124.pt,ted/features/lexical/lexical_124.pt,825,188
https://www.ted.com/talks/george_ayittey_on_cheetahs_vs_hippos,ted/features/audio/audio_125.pt,ted/features/lexical/lexical_125.pt,1181,86
https://www.ted.com/talks/ngozi_okonjo_iweala_on_aid_versus_trade,ted/features/audio/audio_126.pt,ted/features/lexical/lexical_126.pt,1827,116
https://www.ted.com/talks/william_kamkwamba_on_building_a_windmill,ted/features/audio/audio_127.pt,ted/features/lexical/lexical_127.pt,2422,104
https://www.ted.com/talks/euvin_naidoo_on_investing_in_africa,ted/features/audio/audio_128.pt,ted/features/lexical/lexical_128.pt,335,47
https://www.ted.com/talks/patrick_awuah_on_educating_leaders,ted/features/audio/audio_129.pt,ted/features/lexical/lexical_129.pt,1854,143
https://www.ted.com/talks/chris_abani_on_the_stories_of_africa,ted/features/audio/audio_130.pt,ted/features/lexical/lexical_130.pt,993,95
https://www.ted.com/talks/jacqueline_novogratz_on_patient_capitalism,ted/features/audio/audio_131.pt,ted/features/lexical/lexical_131.pt,1107,94
https://www.ted.com/talks/vusi_mahlasela_sings_thula_mama,ted/features/audio/audio_132.pt,ted/features/lexical/lexical_132.pt,769,41
https://www.ted.com/talks/jeff_skoll_makes_movies_that_make_change,ted/features/audio/audio_133.pt,ted/features/lexical/lexical_133.pt,946,169
https://www.ted.com/talks/dean_kamen_previews_a_new_prosthetic_arm,ted/features/audio/audio_134.pt,ted/features/lexical/lexical_134.pt,5821,167
https://www.ted.com/talks/erin_mckean_redefines_the_dictionary,ted/features/audio/audio_135.pt,ted/features/lexical/lexical_135.pt,3113,309
https://www.ted.com/talks/andrew_mwenda_takes_a_new_look_at_africa,ted/features/audio/audio_136.pt,ted/features/lexical/lexical_136.pt,2237,77
https://www.ted.com/talks/theo_jansen_creates_new_creatures,ted/features/audio/audio_137.pt,ted/features/lexical/lexical_137.pt,6703,302
https://www.ted.com/talks/steven_pinker_on_language_and_thought,ted/features/audio/audio_138.pt,ted/features/lexical/lexical_138.pt,2093,866
https://www.ted.com/talks/steven_pinker_on_the_myth_of_violence,ted/features/audio/audio_139.pt,ted/features/lexical/lexical_139.pt,4794,655
https://www.ted.com/talks/deborah_scranton_on_her_war_tapes,ted/features/audio/audio_140.pt,ted/features/lexical/lexical_140.pt,947,183
https://www.ted.com/talks/zeresenay_alemseged_looks_for_humanity_s_roots,ted/features/audio/audio_141.pt,ted/features/lexical/lexical_141.pt,1189,142
https://www.ted.com/talks/john_maeda_on_the_simple_life,ted/features/audio/audio_142.pt,ted/features/lexical/lexical_142.pt,1961,708
https://www.ted.com/talks/stephen_petranek_counts_down_to_armageddon,ted/features/audio/audio_143.pt,ted/features/lexical/lexical_143.pt,1605,315
https://www.ted.com/talks/paul_maccready_flies_on_solar_wings,ted/features/audio/audio_144.pt,ted/features/lexical/lexical_144.pt,771,129
https://www.ted.com/talks/carolyn_porco_flies_us_to_saturn,ted/features/audio/audio_145.pt,ted/features/lexical/lexical_145.pt,10272,233
https://www.ted.com/talks/kenichi_ebina_s_magic_moves,ted/features/audio/audio_146.pt,ted/features/lexical/lexical_146.pt,2853,983
https://www.ted.com/talks/richard_branson_s_life_at_30_000_feet,ted/features/audio/audio_147.pt,ted/features/lexical/lexical_147.pt,1899,181
https://www.ted.com/talks/hod_lipson_builds_self_aware_robots,ted/features/audio/audio_148.pt,ted/features/lexical/lexical_148.pt,1413,202
https://www.ted.com/talks/maira_kalman_the_illustrated_woman,ted/features/audio/audio_149.pt,ted/features/lexical/lexical_149.pt,790,440
https://www.ted.com/talks/jan_chipchase_on_our_mobile_phones,ted/features/audio/audio_150.pt,ted/features/lexical/lexical_150.pt,1164,659
https://www.ted.com/talks/vilayanur_ramachandran_on_your_mind,ted/features/audio/audio_151.pt,ted/features/lexical/lexical_151.pt,11839,230
https://www.ted.com/talks/elene_gabre_madhin_on_ethiopian_economics,ted/features/audio/audio_152.pt,ted/features/lexical/lexical_152.pt,795,107
https://www.ted.com/talks/sherwin_nuland_on_electroshock_therapy,ted/features/audio/audio_153.pt,ted/features/lexical/lexical_153.pt,4311,181
https://www.ted.com/talks/matthieu_ricard_on_the_habits_of_happiness,ted/features/audio/audio_154.pt,ted/features/lexical/lexical_154.pt,8885,738
https://www.ted.com/talks/larry_lessig_says_the_law_is_strangling_creativity,ted/features/audio/audio_155.pt,ted/features/lexical/lexical_155.pt,6109,317
https://www.ted.com/talks/paul_rothemund_casts_a_spell_with_dna,ted/features/audio/audio_156.pt,ted/features/lexical/lexical_156.pt,828,146
https://www.ted.com/talks/david_keith_s_surprising_ideas_on_climate_change,ted/features/audio/audio_157.pt,ted/features/lexical/lexical_157.pt,3065,333
https://www.ted.com/talks/juan_enriquez_wants_to_grow_energy,ted/features/audio/audio_158.pt,ted/features/lexical/lexical_158.pt,2456,373
https://www.ted.com/talks/larry_brilliant_makes_the_case_for_optimism,ted/features/audio/audio_159.pt,ted/features/lexical/lexical_159.pt,611,270
https://www.ted.com/talks/robert_full_on_animal_movement,ted/features/audio/audio_160.pt,ted/features/lexical/lexical_160.pt,1593,59
https://www.ted.com/talks/ron_eglash_on_african_fractals,ted/features/audio/audio_161.pt,ted/features/lexical/lexical_161.pt,4056,168
https://www.ted.com/talks/philippe_starck_thinks_deep_on_design,ted/features/audio/audio_162.pt,ted/features/lexical/lexical_162.pt,2751,829
https://www.ted.com/talks/amory_lovins_on_winning_the_oil_endgame,ted/features/audio/audio_164.pt,ted/features/lexical/lexical_164.pt,2039,213
https://www.ted.com/talks/arthur_benjamin_does_mathemagic,ted/features/audio/audio_165.pt,ted/features/lexical/lexical_165.pt,16898,831
https://www.ted.com/talks/daniel_goleman_on_compassion,ted/features/audio/audio_166.pt,ted/features/lexical/lexical_166.pt,2306,317
https://www.ted.com/talks/lakshmi_pratury_on_letter_writing,ted/features/audio/audio_167.pt,ted/features/lexical/lexical_167.pt,819,160
https://www.ted.com/talks/gever_tulley_on_5_dangerous_things_for_kids,ted/features/audio/audio_168.pt,ted/features/lexical/lexical_168.pt,6170,784
https://www.ted.com/talks/isabel_allende_tells_tales_of_passion,ted/features/audio/audio_169.pt,ted/features/lexical/lexical_169.pt,10654,371
https://www.ted.com/talks/yossi_vardi_fights_local_warming,ted/features/audio/audio_170.pt,ted/features/lexical/lexical_170.pt,1945,361
https://www.ted.com/talks/deborah_gordon_digs_ants,ted/features/audio/audio_171.pt,ted/features/lexical/lexical_171.pt,2267,205
https://www.ted.com/talks/j_j_abrams_mystery_box,ted/features/audio/audio_172.pt,ted/features/lexical/lexical_172.pt,5326,650
https://www.ted.com/talks/david_gallo_shows_underwater_astonishments,ted/features/audio/audio_173.pt,ted/features/lexical/lexical_173.pt,29309,702
https://www.ted.com/talks/paola_antonelli_treats_design_as_art,ted/features/audio/audio_174.pt,ted/features/lexical/lexical_174.pt,488,241
https://www.ted.com/talks/frank_gehry_asks_then_what,ted/features/audio/audio_175.pt,ted/features/lexical/lexical_175.pt,491,411
https://www.ted.com/talks/raul_midon_plays_all_the_answers_and_tembererana,ted/features/audio/audio_176.pt,ted/features/lexical/lexical_176.pt,571,33
https://www.ted.com/talks/bill_strickland_makes_change_with_a_slide_show,ted/features/audio/audio_177.pt,ted/features/lexical/lexical_177.pt,1618,104
https://www.ted.com/talks/ben_dunlap_talks_about_a_passionate_life,ted/features/audio/audio_178.pt,ted/features/lexical/lexical_178.pt,4138,252
https://www.ted.com/talks/david_pogue_on_the_music_wars,ted/features/audio/audio_179.pt,ted/features/lexical/lexical_179.pt,897,542
https://www.ted.com/talks/alison_jackson_looks_at_celebrity,ted/features/audio/audio_180.pt,ted/features/lexical/lexical_180.pt,403,244
https://www.ted.com/talks/chris_anderson_shares_his_vision_for_ted,ted/features/audio/audio_181.pt,ted/features/lexical/lexical_181.pt,784,111
https://www.ted.com/talks/robin_chase_on_zipcar_and_her_next_big_idea,ted/features/audio/audio_182.pt,ted/features/lexical/lexical_182.pt,713,384
https://www.ted.com/talks/jaime_lerner_sings_of_the_city,ted/features/audio/audio_183.pt,ted/features/lexical/lexical_183.pt,1449,107
https://www.ted.com/talks/david_macaulay_s_rome_antics,ted/features/audio/audio_184.pt,ted/features/lexical/lexical_184.pt,772,309
https://www.ted.com/talks/michael_pollan_gives_a_plant_s_eye_view,ted/features/audio/audio_185.pt,ted/features/lexical/lexical_185.pt,2798,207
https://www.ted.com/talks/howard_rheingold_on_collaboration,ted/features/audio/audio_186.pt,ted/features/lexical/lexical_186.pt,1373,218
https://www.ted.com/talks/pamelia_kurstin_plays_the_theremin,ted/features/audio/audio_187.pt,ted/features/lexical/lexical_187.pt,2033,115
https://www.ted.com/talks/george_dyson_on_project_orion,ted/features/audio/audio_188.pt,ted/features/lexical/lexical_188.pt,828,102
https://www.ted.com/talks/moshe_safdie_on_building_uniqueness,ted/features/audio/audio_189.pt,ted/features/lexical/lexical_189.pt,680,151
https://www.ted.com/talks/the_jill_and_julia_show,ted/features/audio/audio_190.pt,ted/features/lexical/lexical_190.pt,694,312
https://www.ted.com/talks/the_raspyni_brothers_juggle_and_jest,ted/features/audio/audio_191.pt,ted/features/lexical/lexical_191.pt,2633,255
https://www.ted.com/talks/joseph_lekuton_tells_a_parable_for_kenya,ted/features/audio/audio_192.pt,ted/features/lexical/lexical_192.pt,470,50
https://www.ted.com/talks/steve_jurvetson_on_model_rocketry,ted/features/audio/audio_193.pt,ted/features/lexical/lexical_193.pt,730,93
https://www.ted.com/talks/roy_gould_and_curtis_wong_preview_the_worldwide_telescope,ted/features/audio/audio_194.pt,ted/features/lexical/lexical_194.pt,1539,232
https://www.ted.com/talks/alan_kay_shares_a_powerful_idea_about_ideas,ted/features/audio/audio_195.pt,ted/features/lexical/lexical_195.pt,1003,348
https://www.ted.com/talks/craig_venter_is_on_the_verge_of_creating_synthetic_life,ted/features/audio/audio_196.pt,ted/features/lexical/lexical_196.pt,2382,125
https://www.ted.com/talks/nicholas_negroponte_in_1984_makes_5_predictions,ted/features/audio/audio_197.pt,ted/features/lexical/lexical_197.pt,655,104
https://www.ted.com/talks/jill_bolte_taylor_s_powerful_stroke_of_insight,ted/features/audio/audio_198.pt,ted/features/lexical/lexical_198.pt,68436,2229
https://www.ted.com/talks/frank_gehry_as_a_young_rebel,ted/features/audio/audio_199.pt,ted/features/lexical/lexical_199.pt,208,138
https://www.ted.com/talks/dave_eggers_makes_his_ted_prize_wish_once_upon_a_school,ted/features/audio/audio_200.pt,ted/features/lexical/lexical_200.pt,3652,79
https://www.ted.com/talks/karen_armstrong_makes_her_ted_prize_wish_the_charter_for_compassion,ted/features/audio/audio_201.pt,ted/features/lexical/lexical_201.pt,3198,322
https://www.ted.com/talks/neil_turok_makes_his_ted_prize_wish,ted/features/audio/audio_202.pt,ted/features/lexical/lexical_202.pt,1045,38
https://www.ted.com/talks/norman_foster_s_green_agenda,ted/features/audio/audio_203.pt,ted/features/lexical/lexical_203.pt,712,278
https://www.ted.com/talks/christopher_decharms_scans_the_brain_in_real_time,ted/features/audio/audio_204.pt,ted/features/lexical/lexical_204.pt,2200,285
https://www.ted.com/talks/clifford_stoll_on_everything,ted/features/audio/audio_205.pt,ted/features/lexical/lexical_205.pt,4017,804
https://www.ted.com/talks/siegfried_woldhek_shows_how_he_found_the_true_face_of_leonardo,ted/features/audio/audio_206.pt,ted/features/lexical/lexical_206.pt,1888,157
https://www.ted.com/talks/david_hoffman_shares_his_sputnik_mania,ted/features/audio/audio_207.pt,ted/features/lexical/lexical_207.pt,311,66
https://www.ted.com/talks/jakob_trollback_rethinks_the_music_video,ted/features/audio/audio_208.pt,ted/features/lexical/lexical_208.pt,353,617
https://www.ted.com/talks/stephen_hawking_asks_big_questions_about_the_universe,ted/features/audio/audio_209.pt,ted/features/lexical/lexical_209.pt,3901,363
https://www.ted.com/talks/al_gore_s_new_thinking_on_the_climate_crisis,ted/features/audio/audio_210.pt,ted/features/lexical/lexical_210.pt,5405,829
https://www.ted.com/talks/johnny_lee_demos_wii_remote_hacks,ted/features/audio/audio_211.pt,ted/features/lexical/lexical_211.pt,10021,126
https://www.ted.com/talks/tod_machover_and_dan_ellsey_play_new_music,ted/features/audio/audio_212.pt,ted/features/lexical/lexical_212.pt,1019,142
https://www.ted.com/talks/yochai_benkler_on_the_new_open_source_economics,ted/features/audio/audio_213.pt,ted/features/lexical/lexical_213.pt,1597,201
https://www.ted.com/talks/ernest_madu_on_world_class_health_care,ted/features/audio/audio_214.pt,ted/features/lexical/lexical_214.pt,669,29
https://www.ted.com/talks/amy_tan_on_creativity,ted/features/audio/audio_215.pt,ted/features/lexical/lexical_215.pt,2970,966
https://www.ted.com/talks/brian_greene_on_string_theory,ted/features/audio/audio_216.pt,ted/features/lexical/lexical_216.pt,7618,359
https://www.ted.com/talks/brian_cox_on_cern_s_supercollider,ted/features/audio/audio_217.pt,ted/features/lexical/lexical_217.pt,5336,193
https://www.ted.com/talks/they_might_be_giants_play_at_8_30_am,ted/features/audio/audio_218.pt,ted/features/lexical/lexical_218.pt,309,231
https://www.ted.com/talks/hector_ruiz_on_connecting_the_world,ted/features/audio/audio_219.pt,ted/features/lexical/lexical_219.pt,545,178
https://www.ted.com/talks/paul_stamets_on_6_ways_mushrooms_can_save_the_world,ted/features/audio/audio_220.pt,ted/features/lexical/lexical_220.pt,7800,277
https://www.ted.com/talks/paul_ewald_asks_can_we_domesticate_germs,ted/features/audio/audio_221.pt,ted/features/lexical/lexical_221.pt,825,120
https://www.ted.com/talks/michael_moschen_juggles_rhythm_and_motion,ted/features/audio/audio_222.pt,ted/features/lexical/lexical_222.pt,1932,299
https://www.ted.com/talks/joshua_klein_on_the_intelligence_of_crows,ted/features/audio/audio_223.pt,ted/features/lexical/lexical_223.pt,6184,131
https://www.ted.com/talks/alisa_miller_shares_the_news_about_the_news,ted/features/audio/audio_224.pt,ted/features/lexical/lexical_224.pt,3143,347
https://www.ted.com/talks/mark_bittman_on_what_s_wrong_with_what_we_eat,ted/features/audio/audio_225.pt,ted/features/lexical/lexical_225.pt,7121,632
https://www.ted.com/talks/robert_ballard_on_exploring_the_oceans,ted/features/audio/audio_226.pt,ted/features/lexical/lexical_226.pt,2879,61
https://www.ted.com/talks/yves_behar_on_designing_objects_that_tell_stories,ted/features/audio/audio_227.pt,ted/features/lexical/lexical_227.pt,1428,293
https://www.ted.com/talks/arthur_ganson_makes_moving_sculpture,ted/features/audio/audio_228.pt,ted/features/lexical/lexical_228.pt,1891,79
https://www.ted.com/talks/dr_seyi_oyesola_tours_a_hospital_in_nigeria,ted/features/audio/audio_229.pt,ted/features/lexical/lexical_229.pt,264,89
https://www.ted.com/talks/paul_collier_shares_4_ways_to_help_the_bottom_billion,ted/features/audio/audio_230.pt,ted/features/lexical/lexical_230.pt,1549,160
https://www.ted.com/talks/susan_blackmore_on_memes_and_temes,ted/features/audio/audio_231.pt,ted/features/lexical/lexical_231.pt,2170,709
https://www.ted.com/talks/nathan_myhrvold_on_archeology_animal_photography_bbq,ted/features/audio/audio_232.pt,ted/features/lexical/lexical_232.pt,803,254
https://www.ted.com/talks/wade_davis_on_the_worldwide_web_of_belief_and_ritual,ted/features/audio/audio_233.pt,ted/features/lexical/lexical_233.pt,1954,288
https://www.ted.com/talks/murray_gell_mann_on_the_ancestor_of_language,ted/features/audio/audio_234.pt,ted/features/lexical/lexical_234.pt,302,231
https://www.ted.com/talks/george_dyson_at_the_birth_of_the_computer,ted/features/audio/audio_235.pt,ted/features/lexical/lexical_235.pt,1115,175
https://www.ted.com/talks/chris_jordan_pictures_some_shocking_stats,ted/features/audio/audio_236.pt,ted/features/lexical/lexical_236.pt,4313,390
https://www.ted.com/talks/dean_ornish_says_your_genes_are_not_your_fate,ted/features/audio/audio_237.pt,ted/features/lexical/lexical_237.pt,1482,117
https://www.ted.com/talks/robert_full_on_engineering_and_evolution,ted/features/audio/audio_238.pt,ted/features/lexical/lexical_238.pt,1694,55
https://www.ted.com/talks/adam_grosser_and_his_sustainable_fridge,ted/features/audio/audio_239.pt,ted/features/lexical/lexical_239.pt,1500,90
https://www.ted.com/talks/steven_levitt_on_child_carseats,ted/features/audio/audio_240.pt,ted/features/lexical/lexical_240.pt,840,248
https://www.ted.com/talks/benjamin_zander_on_music_and_passion,ted/features/audio/audio_241.pt,ted/features/lexical/lexical_241.pt,23300,291
https://www.ted.com/talks/nicholas_negroponte_on_one_laptop_per_child_two_years_on,ted/features/audio/audio_242.pt,ted/features/lexical/lexical_242.pt,516,57
https://www.ted.com/talks/nellie_mckay_sings_clonie_1,ted/features/audio/audio_243.pt,ted/features/lexical/lexical_243.pt,642,176
https://www.ted.com/talks/peter_diamandis_on_stephen_hawking_in_zero_g,ted/features/audio/audio_244.pt,ted/features/lexical/lexical_244.pt,834,53
https://www.ted.com/talks/rick_smolan_tells_the_story_of_a_girl,ted/features/audio/audio_245.pt,ted/features/lexical/lexical_245.pt,2440,90
https://www.ted.com/talks/raul_midon_plays_everybody_and_peace_on_earth,ted/features/audio/audio_246.pt,ted/features/lexical/lexical_246.pt,557,38
https://www.ted.com/talks/corneille_ewango_is_a_hero_of_the_congo_forest,ted/features/audio/audio_247.pt,ted/features/lexical/lexical_247.pt,475,24
https://www.ted.com/talks/torsten_reil_studies_biology_to_make_animation,ted/features/audio/audio_248.pt,ted/features/lexical/lexical_248.pt,578,66
https://www.ted.com/talks/david_hoffman_on_losing_everything,ted/features/audio/audio_249.pt,ted/features/lexical/lexical_249.pt,684,500
https://www.ted.com/talks/clay_shirky_on_institutions_versus_collaboration,ted/features/audio/audio_250.pt,ted/features/lexical/lexical_250.pt,1800,130
https://www.ted.com/talks/nellie_mckay_sings_feminists_and_if_i_had_you,ted/features/audio/audio_251.pt,ted/features/lexical/lexical_251.pt,1223,96
https://www.ted.com/talks/freeman_dyson_says_let_s_look_for_life_in_the_outer_solar_system,ted/features/audio/audio_252.pt,ted/features/lexical/lexical_252.pt,965,306
https://www.ted.com/talks/helen_fisher_studies_the_brain_in_love,ted/features/audio/audio_253.pt,ted/features/lexical/lexical_253.pt,4099,722
https://www.ted.com/talks/billy_graham_on_technology_faith_and_suffering,ted/features/audio/audio_254.pt,ted/features/lexical/lexical_254.pt,3123,770
https://www.ted.com/talks/a_j_jacobs_year_of_living_biblically,ted/features/audio/audio_255.pt,ted/features/lexical/lexical_255.pt,3085,642
https://www.ted.com/talks/keith_barry_does_brain_magic,ted/features/audio/audio_256.pt,ted/features/lexical/lexical_256.pt,9962,1354
https://www.ted.com/talks/martin_seligman_on_the_state_of_psychology,ted/features/audio/audio_257.pt,ted/features/lexical/lexical_257.pt,4278,416
https://www.ted.com/talks/marisa_fick_jordan_shares_the_wonder_of_zulu_wire_art,ted/features/audio/audio_258.pt,ted/features/lexical/lexical_258.pt,227,57
https://www.ted.com/talks/chris_abani_muses_on_humanity,ted/features/audio/audio_259.pt,ted/features/lexical/lexical_259.pt,2247,83
https://www.ted.com/talks/louise_leakey_digs_for_humanity_s_origins,ted/features/audio/audio_260.pt,ted/features/lexical/lexical_260.pt,808,198
https://www.ted.com/talks/jonathan_harris_collects_stories,ted/features/audio/audio_261.pt,ted/features/lexical/lexical_261.pt,1250,107
https://www.ted.com/talks/reed_kroloff_on_modern_and_romantic_architecture,ted/features/audio/audio_262.pt,ted/features/lexical/lexical_262.pt,283,166
https://www.ted.com/talks/kevin_kelly_on_the_next_5_000_days_of_the_web,ted/features/audio/audio_263.pt,ted/features/lexical/lexical_263.pt,2288,460
https://www.ted.com/talks/kwabena_boahen_on_a_computer_that_works_like_the_brain,ted/features/audio/audio_264.pt,ted/features/lexical/lexical_264.pt,868,226
https://www.ted.com/talks/robert_lang_folds_way_new_origami,ted/features/audio/audio_265.pt,ted/features/lexical/lexical_265.pt,2952,65
https://www.ted.com/talks/bruno_bowden_folds_while_rufus_cappadocia_plays,ted/features/audio/audio_266.pt,ted/features/lexical/lexical_266.pt,342,119
https://www.ted.com/talks/patricia_burchat_leads_a_search_for_dark_energy,ted/features/audio/audio_267.pt,ted/features/lexical/lexical_267.pt,2573,143
https://www.ted.com/talks/spencer_wells_is_building_a_family_tree_for_all_humanity,ted/features/audio/audio_268.pt,ted/features/lexical/lexical_268.pt,1439,120
https://www.ted.com/talks/david_griffin_on_how_photography_connects,ted/features/audio/audio_269.pt,ted/features/lexical/lexical_269.pt,1969,148
https://www.ted.com/talks/lennart_green_does_close_up_card_magic,ted/features/audio/audio_270.pt,ted/features/lexical/lexical_270.pt,4543,266
https://www.ted.com/talks/ian_dunbar_on_dog_friendly_dog_training,ted/features/audio/audio_271.pt,ted/features/lexical/lexical_271.pt,1887,183
https://www.ted.com/talks/nellie_mckay_sings_the_dog_song,ted/features/audio/audio_272.pt,ted/features/lexical/lexical_272.pt,847,138
https://www.ted.com/talks/john_walker_re_creates_great_performances,ted/features/audio/audio_273.pt,ted/features/lexical/lexical_273.pt,338,88
https://www.ted.com/talks/sugata_mitra_shows_how_kids_teach_themselves,ted/features/audio/audio_274.pt,ted/features/lexical/lexical_274.pt,2380,210
https://www.ted.com/talks/ory_okolloh_on_becoming_an_activist,ted/features/audio/audio_275.pt,ted/features/lexical/lexical_275.pt,569,79
https://www.ted.com/talks/einstein_the_parrot_talks_and_squawks,ted/features/audio/audio_276.pt,ted/features/lexical/lexical_276.pt,2535,167
https://www.ted.com/talks/paul_rothemund_details_dna_folding,ted/features/audio/audio_277.pt,ted/features/lexical/lexical_277.pt,819,102
https://www.ted.com/talks/peter_diamandis_on_our_next_giant_leap,ted/features/audio/audio_278.pt,ted/features/lexical/lexical_278.pt,705,84
https://www.ted.com/talks/peter_hirshberg_on_tv_and_the_web,ted/features/audio/audio_279.pt,ted/features/lexical/lexical_279.pt,326,119
https://www.ted.com/talks/jonathan_drori_on_what_we_think_we_know,ted/features/audio/audio_280.pt,ted/features/lexical/lexical_280.pt,1572,445
https://www.ted.com/talks/jane_goodall_at_tedglobal_07,ted/features/audio/audio_281.pt,ted/features/lexical/lexical_281.pt,1086,97
https://www.ted.com/talks/irwin_redlener_warns_of_nuclear_terrorism,ted/features/audio/audio_282.pt,ted/features/lexical/lexical_282.pt,822,186
https://www.ted.com/talks/brewster_kahle_builds_a_free_digital_library,ted/features/audio/audio_283.pt,ted/features/lexical/lexical_283.pt,719,127
https://www.ted.com/talks/david_gallo_on_life_in_the_deep_oceans,ted/features/audio/audio_284.pt,ted/features/lexical/lexical_284.pt,1846,53
https://www.ted.com/talks/carmen_agra_deedy_spins_stories,ted/features/audio/audio_285.pt,ted/features/lexical/lexical_285.pt,1126,266
https://www.ted.com/talks/keith_bellows_on_the_camel_s_hump,ted/features/audio/audio_286.pt,ted/features/lexical/lexical_286.pt,166,229
https://www.ted.com/talks/ann_cooper_talks_school_lunches,ted/features/audio/audio_287.pt,ted/features/lexical/lexical_287.pt,1682,280
https://www.ted.com/talks/jonathan_haidt_on_the_moral_mind,ted/features/audio/audio_288.pt,ted/features/lexical/lexical_288.pt,8052,891
https://www.ted.com/talks/eve_ensler_on_security,ted/features/audio/audio_289.pt,ted/features/lexical/lexical_289.pt,1294,184
https://www.ted.com/talks/david_s_rose_on_pitching_to_vcs,ted/features/audio/audio_290.pt,ted/features/lexical/lexical_290.pt,1007,176
https://www.ted.com/talks/marvin_minsky_on_health_and_the_human_mind,ted/features/audio/audio_291.pt,ted/features/lexical/lexical_291.pt,382,344
https://www.ted.com/talks/philip_zimbardo_on_the_psychology_of_evil,ted/features/audio/audio_292.pt,ted/features/lexical/lexical_292.pt,7013,368
https://www.ted.com/talks/laura_trice_suggests_we_all_say_thank_you,ted/features/audio/audio_293.pt,ted/features/lexical/lexical_293.pt,2201,339
https://www.ted.com/talks/caleb_chung_plays_with_pleo,ted/features/audio/audio_294.pt,ted/features/lexical/lexical_294.pt,636,218
https://www.ted.com/talks/steven_pinker_chalks_it_up_to_the_blank_slate,ted/features/audio/audio_295.pt,ted/features/lexical/lexical_295.pt,1563,220
https://www.ted.com/talks/rodney_brooks_on_robots,ted/features/audio/audio_296.pt,ted/features/lexical/lexical_296.pt,658,153
https://www.ted.com/talks/stefan_sagmeister_on_what_he_has_learned,ted/features/audio/audio_297.pt,ted/features/lexical/lexical_297.pt,700,153
https://www.ted.com/talks/noah_feldman_says_politics_and_religion_are_technologies,ted/features/audio/audio_298.pt,ted/features/lexical/lexical_298.pt,479,678
https://www.ted.com/talks/liz_diller_plays_with_architecture,ted/features/audio/audio_299.pt,ted/features/lexical/lexical_299.pt,548,292
https://www.ted.com/talks/james_nachtwey_fights_xdrtb,ted/features/audio/audio_300.pt,ted/features/lexical/lexical_300.pt,447,24
https://www.ted.com/talks/david_perry_on_videogames,ted/features/audio/audio_301.pt,ted/features/lexical/lexical_301.pt,1115,397
https://www.ted.com/talks/doris_kearns_goodwin_on_learning_from_past_presidents,ted/features/audio/audio_302.pt,ted/features/lexical/lexical_302.pt,1584,75
https://www.ted.com/talks/steven_johnson_on_the_web_as_a_city,ted/features/audio/audio_303.pt,ted/features/lexical/lexical_303.pt,281,148
https://www.ted.com/talks/james_burchfield_plays_invisible_turntables,ted/features/audio/audio_304.pt,ted/features/lexical/lexical_304.pt,1048,409
https://www.ted.com/talks/garrett_lisi_on_his_theory_of_everything,ted/features/audio/audio_305.pt,ted/features/lexical/lexical_305.pt,3024,637
https://www.ted.com/talks/paola_antonelli_previews_design_and_the_elastic_mind,ted/features/audio/audio_306.pt,ted/features/lexical/lexical_306.pt,543,190
https://www.ted.com/talks/virginia_postrel_on_glamour,ted/features/audio/audio_307.pt,ted/features/lexical/lexical_307.pt,445,344
https://www.ted.com/talks/dean_ornish_on_healing,ted/features/audio/audio_308.pt,ted/features/lexical/lexical_308.pt,1833,99
https://www.ted.com/talks/john_hodgman_s_brief_digression,ted/features/audio/audio_309.pt,ted/features/lexical/lexical_309.pt,2992,613
https://www.ted.com/talks/paul_maccready_on_nature_vs_humans,ted/features/audio/audio_310.pt,ted/features/lexical/lexical_310.pt,284,50
https://www.ted.com/talks/mihaly_csikszentmihalyi_on_flow,ted/features/audio/audio_311.pt,ted/features/lexical/lexical_311.pt,3800,670
https://www.ted.com/talks/kristen_ashburn_s_heart_rending_pictures_of_aids,ted/features/audio/audio_312.pt,ted/features/lexical/lexical_312.pt,448,46
https://www.ted.com/talks/jared_diamond_on_why_societies_collapse,ted/features/audio/audio_313.pt,ted/features/lexical/lexical_313.pt,2023,483
https://www.ted.com/talks/rives_tells_a_story_of_mixed_emoticons,ted/features/audio/audio_314.pt,ted/features/lexical/lexical_314.pt,1406,418
https://www.ted.com/talks/toys_from_the_future,ted/features/audio/audio_315.pt,ted/features/lexical/lexical_315.pt,793,285
https://www.ted.com/talks/newton_aduaka_tells_the_story_of_ezra,ted/features/audio/audio_316.pt,ted/features/lexical/lexical_316.pt,436,45
https://www.ted.com/talks/jackie_tabick,ted/features/audio/audio_317.pt,ted/features/lexical/lexical_317.pt,125,84
https://www.ted.com/talks/swami_dayananda_saraswati,ted/features/audio/audio_318.pt,ted/features/lexical/lexical_318.pt,916,64
https://www.ted.com/talks/james_forbes,ted/features/audio/audio_319.pt,ted/features/lexical/lexical_319.pt,164,49
https://www.ted.com/talks/imam_feisal_abdul_rauf,ted/features/audio/audio_320.pt,ted/features/lexical/lexical_320.pt,690,142
https://www.ted.com/talks/robert_thurman_on_compassion,ted/features/audio/audio_321.pt,ted/features/lexical/lexical_321.pt,339,78
https://www.ted.com/talks/robert_wright_the_evolution_of_compassion,ted/features/audio/audio_322.pt,ted/features/lexical/lexical_322.pt,297,99
https://www.ted.com/talks/graham_hawkes_flies_through_the_ocean,ted/features/audio/audio_323.pt,ted/features/lexical/lexical_323.pt,409,238
https://www.ted.com/talks/james_surowiecki_on_the_turning_point_for_social_media,ted/features/audio/audio_324.pt,ted/features/lexical/lexical_324.pt,364,88
https://www.ted.com/talks/john_francis_walks_the_earth,ted/features/audio/audio_325.pt,ted/features/lexical/lexical_325.pt,1938,70
https://www.ted.com/talks/tim_brown_on_creativity_and_play,ted/features/audio/audio_326.pt,ted/features/lexical/lexical_326.pt,2555,265
https://www.ted.com/talks/luca_turin_on_the_science_of_scent,ted/features/audio/audio_327.pt,ted/features/lexical/lexical_327.pt,917,68
https://www.ted.com/talks/lee_smolin_on_science_and_democracy,ted/features/audio/audio_328.pt,ted/features/lexical/lexical_328.pt,345,217
https://www.ted.com/talks/samantha_power_on_a_complicated_hero,ted/features/audio/audio_329.pt,ted/features/lexical/lexical_329.pt,664,119
https://www.ted.com/talks/charles_elachi_on_the_mars_rovers,ted/features/audio/audio_330.pt,ted/features/lexical/lexical_330.pt,535,81
https://www.ted.com/talks/ursus_wehrli_tidies_up_art,ted/features/audio/audio_331.pt,ted/features/lexical/lexical_331.pt,1916,330
https://www.ted.com/talks/stewart_brand_on_the_long_now,ted/features/audio/audio_332.pt,ted/features/lexical/lexical_332.pt,337,162
https://www.ted.com/talks/isaac_mizrahi_on_fashion_and_creativity,ted/features/audio/audio_333.pt,ted/features/lexical/lexical_333.pt,726,495
https://www.ted.com/talks/franco_sacchi_on_nollywood,ted/features/audio/audio_334.pt,ted/features/lexical/lexical_334.pt,311,69
https://www.ted.com/talks/george_smoot_on_the_design_of_the_universe,ted/features/audio/audio_335.pt,ted/features/lexical/lexical_335.pt,2237,394
https://www.ted.com/talks/bill_joy_muses_on_what_s_next,ted/features/audio/audio_336.pt,ted/features/lexical/lexical_336.pt,376,191
https://www.ted.com/talks/dan_barber_s_surprising_foie_gras_parable,ted/features/audio/audio_337.pt,ted/features/lexical/lexical_337.pt,2370,142
https://www.ted.com/talks/andy_hobsbawm_says_do_the_green_thing,ted/features/audio/audio_338.pt,ted/features/lexical/lexical_338.pt,433,95
https://www.ted.com/talks/gregory_petsko_on_the_coming_neurological_epidemic,ted/features/audio/audio_339.pt,ted/features/lexical/lexical_339.pt,1241,108
https://www.ted.com/talks/richard_preston_on_the_giant_trees,ted/features/audio/audio_340.pt,ted/features/lexical/lexical_340.pt,1750,72
https://www.ted.com/talks/the_inspiration_of_second_life,ted/features/audio/audio_341.pt,ted/features/lexical/lexical_341.pt,554,400
https://www.ted.com/talks/reinventing_the_car,ted/features/audio/audio_342.pt,ted/features/lexical/lexical_342.pt,374,439
https://www.ted.com/talks/nick_sears_demos_the_orb,ted/features/audio/audio_343.pt,ted/features/lexical/lexical_343.pt,347,146
https://www.ted.com/talks/david_holt_plays_mountain_music,ted/features/audio/audio_344.pt,ted/features/lexical/lexical_344.pt,714,28
https://www.ted.com/talks/eva_zeisel_on_the_playful_search_for_beauty,ted/features/audio/audio_345.pt,ted/features/lexical/lexical_345.pt,570,80
https://www.ted.com/talks/dennis_vanengelsdorp_a_plea_for_bees,ted/features/audio/audio_346.pt,ted/features/lexical/lexical_346.pt,1369,55
https://www.ted.com/talks/jay_walker_s_library_of_human_imagination,ted/features/audio/audio_347.pt,ted/features/lexical/lexical_347.pt,617,116
https://www.ted.com/talks/dan_gilbert_researches_happiness,ted/features/audio/audio_348.pt,ted/features/lexical/lexical_348.pt,5334,344
https://www.ted.com/talks/benjamin_wallace_on_the_price_of_happiness,ted/features/audio/audio_349.pt,ted/features/lexical/lexical_349.pt,1687,437
https://www.ted.com/talks/penelope_boston,ted/features/audio/audio_350.pt,ted/features/lexical/lexical_350.pt,409,75
https://www.ted.com/talks/steven_strogatz_on_sync,ted/features/audio/audio_351.pt,ted/features/lexical/lexical_351.pt,904,135
https://www.ted.com/talks/nicholas_negroponte_takes_olpc_to_colombia,ted/features/audio/audio_352.pt,ted/features/lexical/lexical_352.pt,614,35
https://www.ted.com/talks/jennifer_8_lee_looks_for_general_tso,ted/features/audio/audio_353.pt,ted/features/lexical/lexical_353.pt,1858,136
https://www.ted.com/talks/kary_mullis_on_what_scientists_do,ted/features/audio/audio_354.pt,ted/features/lexical/lexical_354.pt,629,215
https://www.ted.com/talks/john_maeda_on_design,ted/features/audio/audio_355.pt,ted/features/lexical/lexical_355.pt,125,205
https://www.ted.com/talks/paul_sereno_digs_up_dinosaurs,ted/features/audio/audio_356.pt,ted/features/lexical/lexical_356.pt,473,72
https://www.ted.com/talks/paul_moller_on_the_skycar,ted/features/audio/audio_357.pt,ted/features/lexical/lexical_357.pt,346,249
https://www.ted.com/talks/greg_lynn_on_organic_design,ted/features/audio/audio_358.pt,ted/features/lexical/lexical_358.pt,282,153
https://www.ted.com/talks/rob_forbes_on_ways_of_seeing,ted/features/audio/audio_359.pt,ted/features/lexical/lexical_359.pt,286,226
https://www.ted.com/talks/scott_mccloud_on_comics,ted/features/audio/audio_360.pt,ted/features/lexical/lexical_360.pt,1414,254
https://www.ted.com/talks/peter_reinhart_on_bread,ted/features/audio/audio_361.pt,ted/features/lexical/lexical_361.pt,687,199
https://www.ted.com/talks/joseph_pine_on_what_consumers_want,ted/features/audio/audio_362.pt,ted/features/lexical/lexical_362.pt,866,227
https://www.ted.com/talks/paula_scher_gets_serious,ted/features/audio/audio_363.pt,ted/features/lexical/lexical_363.pt,658,61
https://www.ted.com/talks/david_carson_on_design,ted/features/audio/audio_364.pt,ted/features/lexical/lexical_364.pt,930,115
https://www.ted.com/talks/jamais_cascio_looks_ahead,ted/features/audio/audio_365.pt,ted/features/lexical/lexical_365.pt,238,99
https://www.ted.com/talks/barry_schuler_genomics_101,ted/features/audio/audio_366.pt,ted/features/lexical/lexical_366.pt,531,94
https://www.ted.com/talks/sherwin_nuland_on_hope,ted/features/audio/audio_367.pt,ted/features/lexical/lexical_367.pt,338,190
https://www.ted.com/talks/woody_norris_invents_amazing_things,ted/features/audio/audio_368.pt,ted/features/lexical/lexical_368.pt,1966,219
https://www.ted.com/talks/peter_ward_on_mass_extinctions,ted/features/audio/audio_369.pt,ted/features/lexical/lexical_369.pt,574,137
https://www.ted.com/talks/aimee_mullins_on_running,ted/features/audio/audio_370.pt,ted/features/lexical/lexical_370.pt,1123,54
https://www.ted.com/talks/joe_derisi_hunts_the_next_killer_virus,ted/features/audio/audio_371.pt,ted/features/lexical/lexical_371.pt,693,61
https://www.ted.com/talks/natalie_macmaster_and_donnell_leahy_play_the_cape_breton_fiddle,ted/features/audio/audio_372.pt,ted/features/lexical/lexical_372.pt,601,34
https://www.ted.com/talks/bill_gross_on_new_energy,ted/features/audio/audio_373.pt,ted/features/lexical/lexical_373.pt,1127,95
https://www.ted.com/talks/bill_gates_unplugged,ted/features/audio/audio_374.pt,ted/features/lexical/lexical_374.pt,3105,471
https://www.ted.com/talks/elizabeth_gilbert_on_genius,ted/features/audio/audio_375.pt,ted/features/lexical/lexical_375.pt,22386,1770
https://www.ted.com/talks/milton_glaser_on_using_design_to_make_ideas_new,ted/features/audio/audio_376.pt,ted/features/lexical/lexical_376.pt,303,93
https://www.ted.com/talks/david_merrill_demos_siftables_the_smart_blocks,ted/features/audio/audio_377.pt,ted/features/lexical/lexical_377.pt,2554,190
https://www.ted.com/talks/barry_schwartz_on_our_loss_of_wisdom,ted/features/audio/audio_378.pt,ted/features/lexical/lexical_378.pt,8319,492
https://www.ted.com/talks/juan_enriquez_shares_mindboggling_new_science,ted/features/audio/audio_379.pt,ted/features/lexical/lexical_379.pt,4916,344
https://www.ted.com/talks/jose_abreu_on_kids_transformed_by_music,ted/features/audio/audio_380.pt,ted/features/lexical/lexical_380.pt,1468,55
https://www.ted.com/talks/astonishing_performance_by_a_venezuelan_youth_orchestra_1,ted/features/audio/audio_381.pt,ted/features/lexical/lexical_381.pt,2452,33
https://www.ted.com/talks/sylvia_earle_s_ted_prize_wish_to_protect_our_oceans,ted/features/audio/audio_382.pt,ted/features/lexical/lexical_382.pt,2550,84
https://www.ted.com/talks/jill_tarter_s_call_to_join_the_seti_search,ted/features/audio/audio_383.pt,ted/features/lexical/lexical_383.pt,1073,245
https://www.ted.com/talks/ed_ulbrich_shows_how_benjamin_button_got_his_face,ted/features/audio/audio_384.pt,ted/features/lexical/lexical_384.pt,1568,57
https://www.ted.com/talks/capt_charles_moore_on_the_seas_of_plastic,ted/features/audio/audio_385.pt,ted/features/lexical/lexical_385.pt,1764,102
https://www.ted.com/talks/richard_pyle_dives_the_twilight_zone,ted/features/audio/audio_386.pt,ted/features/lexical/lexical_386.pt,473,42
https://www.ted.com/talks/miru_kim_s_underground_art,ted/features/audio/audio_387.pt,ted/features/lexical/lexical_387.pt,906,102
https://www.ted.com/talks/evan_williams_on_listening_to_twitter_users,ted/features/audio/audio_388.pt,ted/features/lexical/lexical_388.pt,697,303
https://www.ted.com/talks/brenda_laurel_on_making_games_for_girls,ted/features/audio/audio_389.pt,ted/features/lexical/lexical_389.pt,329,349
https://www.ted.com/talks/willie_smits_restores_a_rainforest,ted/features/audio/audio_390.pt,ted/features/lexical/lexical_390.pt,2283,38
https://www.ted.com/talks/nalini_nadkani_on_conserving_the_canopy,ted/features/audio/audio_391.pt,ted/features/lexical/lexical_391.pt,850,81
https://www.ted.com/talks/mike_rowe_celebrates_dirty_jobs,ted/features/audio/audio_392.pt,ted/features/lexical/lexical_392.pt,5645,203
https://www.ted.com/talks/don_norman_on_design_and_emotion,ted/features/audio/audio_393.pt,ted/features/lexical/lexical_393.pt,1295,128
https://www.ted.com/talks/pattie_maes_demos_the_sixth_sense,ted/features/audio/audio_394.pt,ted/features/lexical/lexical_394.pt,12170,856
https://www.ted.com/talks/aimee_mullins_prosthetic_aesthetics,ted/features/audio/audio_395.pt,ted/features/lexical/lexical_395.pt,4686,229
https://www.ted.com/talks/stuart_brown_says_play_is_more_than_fun_it_s_vital,ted/features/audio/audio_396.pt,ted/features/lexical/lexical_396.pt,1695,176
https://www.ted.com/talks/tim_berners_lee_on_the_next_web,ted/features/audio/audio_397.pt,ted/features/lexical/lexical_397.pt,1922,368
https://www.ted.com/talks/dan_dennett_cute_sexy_sweet_funny,ted/features/audio/audio_398.pt,ted/features/lexical/lexical_398.pt,2152,610
https://www.ted.com/talks/dan_ariely_on_our_buggy_moral_code,ted/features/audio/audio_399.pt,ted/features/lexical/lexical_399.pt,6673,170
https://www.ted.com/talks/adam_savage_s_obsessions,ted/features/audio/audio_400.pt,ted/features/lexical/lexical_400.pt,1972,180
https://www.ted.com/talks/bruce_mccall_s_faux_nostalgia,ted/features/audio/audio_401.pt,ted/features/lexical/lexical_401.pt,499,163
https://www.ted.com/talks/kamal_meattle_on_how_to_grow_your_own_fresh_air,ted/features/audio/audio_402.pt,ted/features/lexical/lexical_402.pt,4027,235
https://www.ted.com/talks/saul_griffith_on_kites_as_the_future_of_renewable_energy,ted/features/audio/audio_403.pt,ted/features/lexical/lexical_403.pt,1215,75
https://www.ted.com/talks/jacqueline_novogratz_on_an_escape_from_poverty,ted/features/audio/audio_404.pt,ted/features/lexical/lexical_404.pt,1488,103
https://www.ted.com/talks/david_pogue_on_cool_phone_tricks,ted/features/audio/audio_405.pt,ted/features/lexical/lexical_405.pt,1546,453
https://www.ted.com/talks/john_wooden_on_the_difference_between_winning_and_success,ted/features/audio/audio_406.pt,ted/features/lexical/lexical_406.pt,6149,561
https://www.ted.com/talks/nathan_wolfe_hunts_for_the_next_aids,ted/features/audio/audio_407.pt,ted/features/lexical/lexical_407.pt,1256,80
https://www.ted.com/talks/c_k_williams_reads_poetry_of_youth_and_age,ted/features/audio/audio_408.pt,ted/features/lexical/lexical_408.pt,163,53
https://www.ted.com/talks/jacek_utko_asks_can_design_save_the_newspaper,ted/features/audio/audio_409.pt,ted/features/lexical/lexical_409.pt,1320,170
https://www.ted.com/talks/ueli_gegenschatz_extreme_wingsuit_jumping,ted/features/audio/audio_410.pt,ted/features/lexical/lexical_410.pt,1658,72
https://www.ted.com/talks/christopher_deam_restyles_the_airstream,ted/features/audio/audio_411.pt,ted/features/lexical/lexical_411.pt,184,85
https://www.ted.com/talks/pw_singer_on_robots_of_war,ted/features/audio/audio_412.pt,ted/features/lexical/lexical_412.pt,1636,394
https://www.ted.com/talks/nathaniel_kahn_on_my_architect,ted/features/audio/audio_413.pt,ted/features/lexical/lexical_413.pt,330,52
https://www.ted.com/talks/bruce_bueno_de_mesquita_predicts_iran_s_future,ted/features/audio/audio_414.pt,ted/features/lexical/lexical_414.pt,1025,524
https://www.ted.com/talks/bonnie_bassler_on_how_bacteria_communicate,ted/features/audio/audio_415.pt,ted/features/lexical/lexical_415.pt,8109,191
https://www.ted.com/talks/emily_levine_s_theory_of_everything,ted/features/audio/audio_416.pt,ted/features/lexical/lexical_416.pt,2231,491
https://www.ted.com/talks/renny_gleeson_on_antisocial_phone_tricks,ted/features/audio/audio_417.pt,ted/features/lexical/lexical_417.pt,1628,363
https://www.ted.com/talks/shai_agassi_on_electric_cars,ted/features/audio/audio_418.pt,ted/features/lexical/lexical_418.pt,3612,207
https://www.ted.com/talks/gregory_stock_to_upgrade_is_human,ted/features/audio/audio_419.pt,ted/features/lexical/lexical_419.pt,579,187
https://www.ted.com/talks/joann_kuchera_morin_tours_the_allosphere,ted/features/audio/audio_420.pt,ted/features/lexical/lexical_420.pt,1157,385
https://www.ted.com/talks/tim_ferriss_smash_fear_learn_anything,ted/features/audio/audio_421.pt,ted/features/lexical/lexical_421.pt,2566,1000
https://www.ted.com/talks/matthew_childs_9_rules_of_rock_climbing,ted/features/audio/audio_422.pt,ted/features/lexical/lexical_422.pt,518,95
https://www.ted.com/talks/margaret_wertheim_crochets_the_coral_reef,ted/features/audio/audio_423.pt,ted/features/lexical/lexical_423.pt,1867,201
https://www.ted.com/talks/niels_diffrient_rethinks_the_way_we_sit_at_work,ted/features/audio/audio_424.pt,ted/features/lexical/lexical_424.pt,465,459
https://www.ted.com/talks/erik_hersman_on_reporting_crisis_via_texting,ted/features/audio/audio_425.pt,ted/features/lexical/lexical_425.pt,314,84
https://www.ted.com/talks/nate_silver_on_race_and_politics,ted/features/audio/audio_426.pt,ted/features/lexical/lexical_426.pt,529,312
https://www.ted.com/talks/ben_katchor_s_comics_of_old_new_york,ted/features/audio/audio_427.pt,ted/features/lexical/lexical_427.pt,127,153
https://www.ted.com/talks/alex_tabarrok_foresees_economic_growth,ted/features/audio/audio_428.pt,ted/features/lexical/lexical_428.pt,854,503
https://www.ted.com/talks/michael_merzenich_on_the_elastic_brain,ted/features/audio/audio_429.pt,ted/features/lexical/lexical_429.pt,1005,246
https://www.ted.com/talks/sarah_jones_as_a_one_woman_global_village,ted/features/audio/audio_430.pt,ted/features/lexical/lexical_430.pt,1416,134
https://www.ted.com/talks/laurie_garrett_on_lessons_from_the_1918_flu,ted/features/audio/audio_431.pt,ted/features/lexical/lexical_431.pt,525,146
https://www.ted.com/talks/brian_cox_what_went_wrong_at_the_lhc,ted/features/audio/audio_432.pt,ted/features/lexical/lexical_432.pt,891,99
https://www.ted.com/talks/sean_gourley_on_the_mathematics_of_war,ted/features/audio/audio_433.pt,ted/features/lexical/lexical_433.pt,1337,672
https://www.ted.com/talks/mae_jemison_on_teaching_arts_and_sciences_together,ted/features/audio/audio_434.pt,ted/features/lexical/lexical_434.pt,722,248
https://www.ted.com/talks/tom_shannon_s_magnetic_sculpture,ted/features/audio/audio_435.pt,ted/features/lexical/lexical_435.pt,695,230
https://www.ted.com/talks/al_gore_warns_on_latest_climate_trends,ted/features/audio/audio_436.pt,ted/features/lexical/lexical_436.pt,952,271
https://www.ted.com/talks/louise_fresco_on_feeding_the_whole_world,ted/features/audio/audio_437.pt,ted/features/lexical/lexical_437.pt,822,577
https://www.ted.com/talks/seth_godin_on_the_tribes_we_lead,ted/features/audio/audio_438.pt,ted/features/lexical/lexical_438.pt,4071,381
https://www.ted.com/talks/hans_rosling_the_truth_about_hiv,ted/features/audio/audio_439.pt,ted/features/lexical/lexical_439.pt,1478,87
https://www.ted.com/talks/nandan_nilekani_s_ideas_for_india_s_future,ted/features/audio/audio_440.pt,ted/features/lexical/lexical_440.pt,1030,163
https://www.ted.com/talks/naturally_7_jams_fly_baby_with_an_orchestra_of_vocals,ted/features/audio/audio_441.pt,ted/features/lexical/lexical_441.pt,1679,164
https://www.ted.com/talks/ray_anderson_on_the_business_logic_of_sustainability,ted/features/audio/audio_442.pt,ted/features/lexical/lexical_442.pt,1407,146
https://www.ted.com/talks/dan_ariely_asks_are_we_in_control_of_our_own_decisions,ted/features/audio/audio_443.pt,ted/features/lexical/lexical_443.pt,11693,262
https://www.ted.com/talks/mary_roach_10_things_you_didn_t_know_about_orgasm,ted/features/audio/audio_444.pt,ted/features/lexical/lexical_444.pt,9843,1430
https://www.ted.com/talks/carolyn_porco_could_a_saturn_moon_harbor_life,ted/features/audio/audio_445.pt,ted/features/lexical/lexical_445.pt,1029,99
https://www.ted.com/talks/yves_behar_s_supercharged_motorcycle_design,ted/features/audio/audio_446.pt,ted/features/lexical/lexical_446.pt,222,172
https://www.ted.com/talks/joachim_de_posada_says_don_t_eat_the_marshmallow_yet,ted/features/audio/audio_447.pt,ted/features/lexical/lexical_447.pt,2811,225
https://www.ted.com/talks/jay_walker_on_the_world_s_english_mania,ted/features/audio/audio_448.pt,ted/features/lexical/lexical_448.pt,1878,910
https://www.ted.com/talks/michelle_obama,ted/features/audio/audio_449.pt,ted/features/lexical/lexical_449.pt,1081,429
https://www.ted.com/talks/jonathan_drori_why_we_re_storing_billions_of_seeds,ted/features/audio/audio_450.pt,ted/features/lexical/lexical_450.pt,808,65
https://www.ted.com/talks/kaki_king_rocks_out_to_pink_noise,ted/features/audio/audio_451.pt,ted/features/lexical/lexical_451.pt,1652,150
https://www.ted.com/talks/liz_coleman_s_call_to_reinvent_liberal_arts_education,ted/features/audio/audio_452.pt,ted/features/lexical/lexical_452.pt,1191,340
https://www.ted.com/talks/ray_kurzweil_announces_singularity_university,ted/features/audio/audio_453.pt,ted/features/lexical/lexical_453.pt,1057,246
https://www.ted.com/talks/yann_arthus_bertrand_captures_fragile_earth_in_wide_angle,ted/features/audio/audio_454.pt,ted/features/lexical/lexical_454.pt,1291,146
https://www.ted.com/talks/publisher_felix_dennis_odes_to_vice_and_consequences,ted/features/audio/audio_455.pt,ted/features/lexical/lexical_455.pt,376,84
https://www.ted.com/talks/pete_alcorn_s_vision_of_a_better_world,ted/features/audio/audio_456.pt,ted/features/lexical/lexical_456.pt,381,618
https://www.ted.com/talks/john_la_grou_plugs_smart_power_outlets_1,ted/features/audio/audio_457.pt,ted/features/lexical/lexical_457.pt,1246,142
https://www.ted.com/talks/kevin_surace_fixing_drywall_to_heal_the_planet,ted/features/audio/audio_458.pt,ted/features/lexical/lexical_458.pt,594,122
https://www.ted.com/talks/nancy_etcoff_on_happiness_and_why_we_want_it,ted/features/audio/audio_459.pt,ted/features/lexical/lexical_459.pt,1091,430
https://www.ted.com/talks/robert_full_learning_from_the_gecko_s_tail,ted/features/audio/audio_460.pt,ted/features/lexical/lexical_460.pt,1708,39
https://www.ted.com/talks/richard_st_john_success_is_a_continuous_journey,ted/features/audio/audio_461.pt,ted/features/lexical/lexical_461.pt,2762,340
https://www.ted.com/talks/jane_poynter_life_in_biosphere_2,ted/features/audio/audio_462.pt,ted/features/lexical/lexical_462.pt,1631,232
https://www.ted.com/talks/clay_shirky_how_cellphones_twitter_facebook_can_make_history,ted/features/audio/audio_463.pt,ted/features/lexical/lexical_463.pt,2294,222
https://www.ted.com/talks/ex_moonie_diane_benscoter_how_cults_think,ted/features/audio/audio_464.pt,ted/features/lexical/lexical_464.pt,1149,931
https://www.ted.com/talks/catherine_mohr_surgery_s_past_present_and_robotic_future,ted/features/audio/audio_465.pt,ted/features/lexical/lexical_465.pt,1632,144
https://www.ted.com/talks/philip_zimbardo_prescribes_a_healthy_take_on_time,ted/features/audio/audio_466.pt,ted/features/lexical/lexical_466.pt,2133,401
https://www.ted.com/talks/paul_collier_s_new_rules_for_rebuilding_a_broken_nation,ted/features/audio/audio_467.pt,ted/features/lexical/lexical_467.pt,549,83
https://www.ted.com/talks/katherine_fulton_you_are_the_future_of_philanthropy,ted/features/audio/audio_468.pt,ted/features/lexical/lexical_468.pt,534,134
https://www.ted.com/talks/ray_zahab_treks_to_the_south_pole,ted/features/audio/audio_469.pt,ted/features/lexical/lexical_469.pt,446,265
https://www.ted.com/talks/arthur_benjamin_s_formula_for_changing_math_education,ted/features/audio/audio_470.pt,ted/features/lexical/lexical_470.pt,3027,543
https://www.ted.com/talks/gever_tulley_s_tinkering_school_in_action,ted/features/audio/audio_471.pt,ted/features/lexical/lexical_471.pt,1529,58
https://www.ted.com/talks/daniel_libeskind_s_17_words_of_architectural_inspiration,ted/features/audio/audio_472.pt,ted/features/lexical/lexical_472.pt,714,3065
https://www.ted.com/talks/the_design_genius_of_charles_and_ray_eames,ted/features/audio/audio_473.pt,ted/features/lexical/lexical_473.pt,260,280
https://www.ted.com/talks/tom_wujec_on_3_ways_the_brain_creates_meaning,ted/features/audio/audio_474.pt,ted/features/lexical/lexical_474.pt,925,482
https://www.ted.com/talks/sophal_ear_escaping_the_khmer_rouge,ted/features/audio/audio_475.pt,ted/features/lexical/lexical_475.pt,781,64
https://www.ted.com/talks/kary_mullis_next_gen_cure_for_killer_infections,ted/features/audio/audio_476.pt,ted/features/lexical/lexical_476.pt,1494,73
https://www.ted.com/talks/stewart_brand_proclaims_4_environmental_heresies,ted/features/audio/audio_477.pt,ted/features/lexical/lexical_477.pt,1437,494
https://www.ted.com/talks/olafur_eliasson_playing_with_space_and_light,ted/features/audio/audio_478.pt,ted/features/lexical/lexical_478.pt,509,413
https://www.ted.com/talks/daniel_kraft_invents_a_better_way_to_harvest_bone_marrow,ted/features/audio/audio_479.pt,ted/features/lexical/lexical_479.pt,1045,37
https://www.ted.com/talks/jim_fallon_exploring_the_mind_of_a_killer,ted/features/audio/audio_480.pt,ted/features/lexical/lexical_480.pt,1498,467
https://www.ted.com/talks/nina_jablonski_breaks_the_illusion_of_skin_color,ted/features/audio/audio_481.pt,ted/features/lexical/lexical_481.pt,1744,607
https://www.ted.com/talks/gordon_brown,ted/features/audio/audio_482.pt,ted/features/lexical/lexical_482.pt,1701,467
https://www.ted.com/talks/alain_de_botton_a_kinder_gentler_philosophy_of_success,ted/features/audio/audio_483.pt,ted/features/lexical/lexical_483.pt,10883,469
https://www.ted.com/talks/golan_levin_ted2009,ted/features/audio/audio_484.pt,ted/features/lexical/lexical_484.pt,1032,163
https://www.ted.com/talks/elaine_morgan_says_we_evolved_from_aquatic_apes,ted/features/audio/audio_485.pt,ted/features/lexical/lexical_485.pt,2867,3813
https://www.ted.com/talks/willard_wigan_hold_your_breath_for_micro_sculpture,ted/features/audio/audio_486.pt,ted/features/lexical/lexical_486.pt,1318,208
https://www.ted.com/talks/michael_pritchard_invents_a_water_filter,ted/features/audio/audio_487.pt,ted/features/lexical/lexical_487.pt,5501,256
https://www.ted.com/talks/paul_romer,ted/features/audio/audio_488.pt,ted/features/lexical/lexical_488.pt,1233,340
https://www.ted.com/talks/janine_benyus_biomimicry_in_action,ted/features/audio/audio_489.pt,ted/features/lexical/lexical_489.pt,2480,179
https://www.ted.com/talks/emmanuel_jal_the_music_of_a_war_child,ted/features/audio/audio_490.pt,ted/features/lexical/lexical_490.pt,1516,92
https://www.ted.com/talks/dan_pink_on_motivation,ted/features/audio/audio_491.pt,ted/features/lexical/lexical_491.pt,21571,1044
https://www.ted.com/talks/eric_giler_demos_wireless_electricity,ted/features/audio/audio_492.pt,ted/features/lexical/lexical_492.pt,3288,185
https://www.ted.com/talks/hans_rosling_at_state,ted/features/audio/audio_493.pt,ted/features/lexical/lexical_493.pt,3065,67
https://www.ted.com/talks/natasha_tsakos_multimedia_theatrical_adventure,ted/features/audio/audio_494.pt,ted/features/lexical/lexical_494.pt,776,357
https://www.ted.com/talks/cary_fowler_one_seed_at_a_time_protecting_the_future_of_food,ted/features/audio/audio_495.pt,ted/features/lexical/lexical_495.pt,1219,151
https://www.ted.com/talks/josh_silver_demos_adjustable_liquid_filled_eyeglasses,ted/features/audio/audio_496.pt,ted/features/lexical/lexical_496.pt,1207,150
https://www.ted.com/talks/geoff_mulgan_post_crash_investing_in_a_better_world_1,ted/features/audio/audio_497.pt,ted/features/lexical/lexical_497.pt,353,250
https://www.ted.com/talks/evan_grant_cymatics,ted/features/audio/audio_498.pt,ted/features/lexical/lexical_498.pt,1236,148
https://www.ted.com/talks/steve_truglia_a_leap_from_the_edge_of_space,ted/features/audio/audio_499.pt,ted/features/lexical/lexical_499.pt,553,134
https://www.ted.com/talks/james_balog_time_lapse_proof_of_extreme_ice_loss,ted/features/audio/audio_500.pt,ted/features/lexical/lexical_500.pt,1757,182
https://www.ted.com/talks/lewis_pugh_swims_the_north_pole,ted/features/audio/audio_501.pt,ted/features/lexical/lexical_501.pt,1113,78
https://www.ted.com/talks/rebecca_saxe_how_brains_make_moral_judgments,ted/features/audio/audio_502.pt,ted/features/lexical/lexical_502.pt,4360,451
https://www.ted.com/talks/misha_glenny_investigates_global_crime_networks,ted/features/audio/audio_503.pt,ted/features/lexical/lexical_503.pt,1450,194
https://www.ted.com/talks/bjarke_ingels_3_warp_speed_architecture_tales,ted/features/audio/audio_504.pt,ted/features/lexical/lexical_504.pt,3355,82
https://www.ted.com/talks/john_lloyd_inventories_the_invisible,ted/features/audio/audio_505.pt,ted/features/lexical/lexical_505.pt,1944,219
https://www.ted.com/talks/oliver_sacks_what_hallucination_reveals_about_our_minds,ted/features/audio/audio_506.pt,ted/features/lexical/lexical_506.pt,6284,432
https://www.ted.com/talks/imogen_heap_wait,ted/features/audio/audio_507.pt,ted/features/lexical/lexical_507.pt,872,161
https://www.ted.com/talks/jonathan_zittrain_the_web_is_a_random_act_of_kindness,ted/features/audio/audio_508.pt,ted/features/lexical/lexical_508.pt,1644,106
https://www.ted.com/talks/evgeny_morozov_is_the_internet_what_orwell_feared,ted/features/audio/audio_509.pt,ted/features/lexical/lexical_509.pt,458,253
https://www.ted.com/talks/william_kamkwamba_how_i_harnessed_the_wind,ted/features/audio/audio_510.pt,ted/features/lexical/lexical_510.pt,5413,153
https://www.ted.com/talks/taryn_simon_photographs_secret_sites,ted/features/audio/audio_511.pt,ted/features/lexical/lexical_511.pt,3101,538
https://www.ted.com/talks/jacqueline_novogratz_a_third_way_to_think_about_aid,ted/features/audio/audio_512.pt,ted/features/lexical/lexical_512.pt,615,94
https://www.ted.com/talks/parag_khanna_maps_the_future_of_countries,ted/features/audio/audio_513.pt,ted/features/lexical/lexical_513.pt,1646,438
https://www.ted.com/talks/tim_brown_urges_designers_to_think_big,ted/features/audio/audio_514.pt,ted/features/lexical/lexical_514.pt,1272,348
https://www.ted.com/talks/karen_armstrong_let_s_revive_the_golden_rule,ted/features/audio/audio_515.pt,ted/features/lexical/lexical_515.pt,1103,390
https://www.ted.com/talks/garik_israelian_what_s_inside_a_star,ted/features/audio/audio_516.pt,ted/features/lexical/lexical_516.pt,814,91
https://www.ted.com/talks/stefan_sagmeister_the_power_of_time_off,ted/features/audio/audio_517.pt,ted/features/lexical/lexical_517.pt,2204,381
https://www.ted.com/talks/carolyn_steel_how_food_shapes_our_cities,ted/features/audio/audio_518.pt,ted/features/lexical/lexical_518.pt,1472,257
https://www.ted.com/talks/david_logan_on_tribal_leadership,ted/features/audio/audio_519.pt,ted/features/lexical/lexical_519.pt,1976,404
https://www.ted.com/talks/chimamanda_adichie_the_danger_of_a_single_story,ted/features/audio/audio_520.pt,ted/features/lexical/lexical_520.pt,29067,708
https://www.ted.com/talks/beau_lotto_optical_illusions_show_how_we_see,ted/features/audio/audio_521.pt,ted/features/lexical/lexical_521.pt,3996,591
https://www.ted.com/talks/sam_martin_builds_a_room_of_his_own,ted/features/audio/audio_522.pt,ted/features/lexical/lexical_522.pt,677,248
https://www.ted.com/talks/eric_sanderson_pictures_new_york_before_the_city,ted/features/audio/audio_523.pt,ted/features/lexical/lexical_523.pt,1328,194
https://www.ted.com/talks/david_hanson_robots_that_relate_to_you,ted/features/audio/audio_524.pt,ted/features/lexical/lexical_524.pt,876,161
https://www.ted.com/talks/rory_sutherland_life_lessons_from_an_ad_man,ted/features/audio/audio_525.pt,ted/features/lexical/lexical_525.pt,6730,186
https://www.ted.com/talks/henry_markram_supercomputing_the_brain_s_secrets,ted/features/audio/audio_526.pt,ted/features/lexical/lexical_526.pt,1787,341
https://www.ted.com/talks/julian_treasure_the_4_ways_sound_affects_us,ted/features/audio/audio_527.pt,ted/features/lexical/lexical_527.pt,2470,172
https://www.ted.com/talks/john_gerzema_the_post_crisis_consumer,ted/features/audio/audio_528.pt,ted/features/lexical/lexical_528.pt,752,270
https://www.ted.com/talks/paul_debevec_animates_a_photo_real_digital_face,ted/features/audio/audio_529.pt,ted/features/lexical/lexical_529.pt,801,128
https://www.ted.com/talks/itay_talgam_lead_like_the_great_conductors,ted/features/audio/audio_530.pt,ted/features/lexical/lexical_530.pt,5050,161
https://www.ted.com/talks/marc_koska_the_devastating_toll_of_syringe_reuse,ted/features/audio/audio_531.pt,ted/features/lexical/lexical_531.pt,1383,65
https://www.ted.com/talks/ian_goldin_navigating_our_global_future,ted/features/audio/audio_532.pt,ted/features/lexical/lexical_532.pt,607,263
https://www.ted.com/talks/david_deutsch_a_new_way_to_explain_explanation,ted/features/audio/audio_533.pt,ted/features/lexical/lexical_533.pt,1475,425
https://www.ted.com/talks/rachel_armstrong_architecture_that_repairs_itself,ted/features/audio/audio_534.pt,ted/features/lexical/lexical_534.pt,1460,421
https://www.ted.com/talks/becky_blanton_the_year_i_was_homeless,ted/features/audio/audio_535.pt,ted/features/lexical/lexical_535.pt,1733,361
https://www.ted.com/talks/marcus_du_sautoy_symmetry_reality_s_riddle,ted/features/audio/audio_536.pt,ted/features/lexical/lexical_536.pt,1054,281
https://www.ted.com/talks/stefana_broadbent_how_the_internet_enables_intimacy,ted/features/audio/audio_537.pt,ted/features/lexical/lexical_537.pt,743,415
https://www.ted.com/talks/cameron_sinclair_the_refugees_of_boom_and_bust,ted/features/audio/audio_538.pt,ted/features/lexical/lexical_538.pt,519,36
https://www.ted.com/talks/rachel_pike_the_science_behind_a_climate_headline,ted/features/audio/audio_539.pt,ted/features/lexical/lexical_539.pt,555,210
https://www.ted.com/talks/edward_burtynsky_photographs_the_landscape_of_oil,ted/features/audio/audio_540.pt,ted/features/lexical/lexical_540.pt,598,162
https://www.ted.com/talks/cynthia_schneider_the_surprising_spread_of_idol_tv,ted/features/audio/audio_541.pt,ted/features/lexical/lexical_541.pt,620,113
https://www.ted.com/talks/pranav_mistry_the_thrilling_potential_of_sixthsense_technology,ted/features/audio/audio_542.pt,ted/features/lexical/lexical_542.pt,26292,788
https://www.ted.com/talks/mathieu_lehanneur_demos_science_inspired_design,ted/features/audio/audio_543.pt,ted/features/lexical/lexical_543.pt,545,258
https://www.ted.com/talks/fields_wicker_miurin_learning_from_leadership_s_missing_manual,ted/features/audio/audio_544.pt,ted/features/lexical/lexical_544.pt,576,373
https://www.ted.com/talks/devdutt_pattanaik,ted/features/audio/audio_545.pt,ted/features/lexical/lexical_545.pt,4718,275
https://www.ted.com/talks/tom_wujec_demos_the_13th_century_astrolabe,ted/features/audio/audio_546.pt,ted/features/lexical/lexical_546.pt,945,178
https://www.ted.com/talks/hans_rosling_asia_s_rise_how_and_when,ted/features/audio/audio_547.pt,ted/features/lexical/lexical_547.pt,3792,134
https://www.ted.com/talks/rob_hopkins_transition_to_a_world_without_oil,ted/features/audio/audio_548.pt,ted/features/lexical/lexical_548.pt,1072,326
https://www.ted.com/talks/magnus_larsson_turning_dunes_into_architecture,ted/features/audio/audio_549.pt,ted/features/lexical/lexical_549.pt,1592,186
https://www.ted.com/talks/mallika_sarabhai,ted/features/audio/audio_550.pt,ted/features/lexical/lexical_550.pt,856,343
https://www.ted.com/talks/shashi_tharoor,ted/features/audio/audio_551.pt,ted/features/lexical/lexical_551.pt,4029,167
https://www.ted.com/talks/gordon_brown_on_global_ethic_vs_national_interest,ted/features/audio/audio_552.pt,ted/features/lexical/lexical_552.pt,355,226
https://www.ted.com/talks/andrea_ghez_the_hunt_for_a_supermassive_black_hole,ted/features/audio/audio_553.pt,ted/features/lexical/lexical_553.pt,1172,407
https://www.ted.com/talks/anupam_mishra_the_ancient_ingenuity_of_water_harvesting,ted/features/audio/audio_554.pt,ted/features/lexical/lexical_554.pt,2216,58
https://www.ted.com/talks/scott_kim_takes_apart_the_art_of_puzzles,ted/features/audio/audio_555.pt,ted/features/lexical/lexical_555.pt,492,222
https://www.ted.com/talks/sunitha_krishnan_tedindia,ted/features/audio/audio_556.pt,ted/features/lexical/lexical_556.pt,5003,68
https://www.ted.com/talks/rory_bremner_s_one_man_world_summit,ted/features/audio/audio_557.pt,ted/features/lexical/lexical_557.pt,661,323
https://www.ted.com/talks/marc_pachter_the_art_of_the_interview,ted/features/audio/audio_558.pt,ted/features/lexical/lexical_558.pt,631,213
https://www.ted.com/talks/thulasiraj_ravilla_how_low_cost_eye_care_can_be_world_class,ted/features/audio/audio_559.pt,ted/features/lexical/lexical_559.pt,510,15
https://www.ted.com/talks/shereen_el_feki_pop_culture_in_the_arab_world,ted/features/audio/audio_560.pt,ted/features/lexical/lexical_560.pt,510,337
https://www.ted.com/talks/loretta_napoleoni_the_intricate_economics_of_terrorism,ted/features/audio/audio_561.pt,ted/features/lexical/lexical_561.pt,1451,153
https://www.ted.com/talks/ryan_lobo_through_the_lens_of_compassion,ted/features/audio/audio_562.pt,ted/features/lexical/lexical_562.pt,857,67
https://www.ted.com/talks/alexis_ohanian_how_to_make_a_splash_in_social_media,ted/features/audio/audio_563.pt,ted/features/lexical/lexical_563.pt,2122,203
https://www.ted.com/talks/charles_anderson_discovers_dragonflies_that_cross_oceans,ted/features/audio/audio_564.pt,ted/features/lexical/lexical_564.pt,896,60
https://www.ted.com/talks/james_geary_metaphorically_speaking,ted/features/audio/audio_565.pt,ted/features/lexical/lexical_565.pt,1176,267
https://www.ted.com/talks/shaffi_mather_a_new_way_to_fight_corruption,ted/features/audio/audio_566.pt,ted/features/lexical/lexical_566.pt,861,75
https://www.ted.com/talks/steven_cowley_fusion_is_energy_s_future,ted/features/audio/audio_567.pt,ted/features/lexical/lexical_567.pt,933,120
https://www.ted.com/talks/asher_hasan_s_message_of_peace_from_pakistan,ted/features/audio/audio_568.pt,ted/features/lexical/lexical_568.pt,472,69
https://www.ted.com/talks/bertrand_piccard_s_solar_powered_adventure,ted/features/audio/audio_569.pt,ted/features/lexical/lexical_569.pt,1389,150
https://www.ted.com/talks/vs_ramachandran_the_neurons_that_shaped_civilization,ted/features/audio/audio_570.pt,ted/features/lexical/lexical_570.pt,3630,115
https://www.ted.com/talks/nick_veasey_exposing_the_invisible_1,ted/features/audio/audio_571.pt,ted/features/lexical/lexical_571.pt,995,234
https://www.ted.com/talks/dan_buettner_how_to_live_to_be_100,ted/features/audio/audio_572.pt,ted/features/lexical/lexical_572.pt,4243,243
https://www.ted.com/talks/romulus_whitaker_the_real_danger_lurking_in_the_water,ted/features/audio/audio_573.pt,ted/features/lexical/lexical_573.pt,491,70
https://www.ted.com/talks/herbie_hancock_s_all_star_set,ted/features/audio/audio_574.pt,ted/features/lexical/lexical_574.pt,471,60
https://www.ted.com/talks/kartick_satyanarayan_how_we_rescued_the_dancing_bears,ted/features/audio/audio_575.pt,ted/features/lexical/lexical_575.pt,746,33
https://www.ted.com/talks/kiran_bir_sethi_teaches_kids_to_take_charge,ted/features/audio/audio_576.pt,ted/features/lexical/lexical_576.pt,2827,135
https://www.ted.com/talks/lalitesh_katragadda_making_maps_to_fight_disaster_build_economies,ted/features/audio/audio_577.pt,ted/features/lexical/lexical_577.pt,331,70
https://www.ted.com/talks/charles_fleischer_insists_all_things_are_moleeds,ted/features/audio/audio_578.pt,ted/features/lexical/lexical_578.pt,1202,351
https://www.ted.com/talks/david_blaine_how_i_held_my_breath_for_17_min,ted/features/audio/audio_579.pt,ted/features/lexical/lexical_579.pt,3900,247
https://www.ted.com/talks/ravin_agrawal_10_young_indian_artists_to_watch,ted/features/audio/audio_580.pt,ted/features/lexical/lexical_580.pt,309,74
https://www.ted.com/talks/anthony_atala_growing_organs_engineering_tissue,ted/features/audio/audio_581.pt,ted/features/lexical/lexical_581.pt,2045,55
https://www.ted.com/talks/bill_davenhall_your_health_depends_on_where_you_live,ted/features/audio/audio_582.pt,ted/features/lexical/lexical_582.pt,902,185
https://www.ted.com/talks/joshua_prince_ramus_building_a_theater_that_remakes_itself,ted/features/audio/audio_583.pt,ted/features/lexical/lexical_583.pt,582,92
https://www.ted.com/talks/eve_ensler_embrace_your_inner_girl,ted/features/audio/audio_584.pt,ted/features/lexical/lexical_584.pt,2578,269
https://www.ted.com/talks/jane_chen_a_warm_embrace_that_saves_lives,ted/features/audio/audio_585.pt,ted/features/lexical/lexical_585.pt,1179,49
https://www.ted.com/talks/derek_sivers_weird_or_just_different,ted/features/audio/audio_586.pt,ted/features/lexical/lexical_586.pt,3567,207
https://www.ted.com/talks/sendhil_mullainathan,ted/features/audio/audio_587.pt,ted/features/lexical/lexical_587.pt,847,201
https://www.ted.com/talks/jamie_heywood_the_big_idea_my_brother_inspired,ted/features/audio/audio_588.pt,ted/features/lexical/lexical_588.pt,877,39
https://www.ted.com/talks/george_whitesides_a_lab_the_size_of_a_postage_stamp,ted/features/audio/audio_589.pt,ted/features/lexical/lexical_589.pt,859,83
https://www.ted.com/talks/david_agus_a_new_strategy_in_the_war_on_cancer,ted/features/audio/audio_590.pt,ted/features/lexical/lexical_590.pt,644,182
https://www.ted.com/talks/tom_shannon_the_painter_and_the_pendulum,ted/features/audio/audio_591.pt,ted/features/lexical/lexical_591.pt,486,77
https://www.ted.com/talks/peter_eigen_how_to_expose_the_corrupt,ted/features/audio/audio_592.pt,ted/features/lexical/lexical_592.pt,1743,162
https://www.ted.com/talks/jamie_oliver,ted/features/audio/audio_593.pt,ted/features/lexical/lexical_593.pt,15631,639
https://www.ted.com/talks/blaise_aguera,ted/features/audio/audio_594.pt,ted/features/lexical/lexical_594.pt,2742,167
https://www.ted.com/talks/david_cameron,ted/features/audio/audio_595.pt,ted/features/lexical/lexical_595.pt,1048,494
https://www.ted.com/talks/aimee_mullins_the_opportunity_of_adversity,ted/features/audio/audio_596.pt,ted/features/lexical/lexical_596.pt,2979,274
https://www.ted.com/talks/bill_gates,ted/features/audio/audio_597.pt,ted/features/lexical/lexical_597.pt,3557,621
https://www.ted.com/talks/kevin_kelly_tells_technology_s_epic_story,ted/features/audio/audio_598.pt,ted/features/lexical/lexical_598.pt,704,386
https://www.ted.com/talks/philip_howard,ted/features/audio/audio_599.pt,ted/features/lexical/lexical_599.pt,2095,141
https://www.ted.com/talks/eric_topol_the_wireless_future_of_medicine,ted/features/audio/audio_600.pt,ted/features/lexical/lexical_600.pt,925,73
https://www.ted.com/talks/temple_grandin_the_world_needs_all_kinds_of_minds,ted/features/audio/audio_601.pt,ted/features/lexical/lexical_601.pt,7560,241
https://www.ted.com/talks/pawan_sinha_on_how_brains_learn_to_see,ted/features/audio/audio_602.pt,ted/features/lexical/lexical_602.pt,1144,54
https://www.ted.com/talks/raghava_kk_five_lives_of_an_artist,ted/features/audio/audio_603.pt,ted/features/lexical/lexical_603.pt,1941,89
https://www.ted.com/talks/daniel_kahneman_the_riddle_of_experience_vs_memory,ted/features/audio/audio_604.pt,ted/features/lexical/lexical_604.pt,4493,380
https://www.ted.com/talks/harsha_bhogle_the_rise_of_cricket_the_rise_of_india,ted/features/audio/audio_605.pt,ted/features/lexical/lexical_605.pt,725,105
https://www.ted.com/talks/gary_flake_is_pivot_a_turning_point_for_web_exploration,ted/features/audio/audio_606.pt,ted/features/lexical/lexical_606.pt,1108,134
https://www.ted.com/talks/james_cameron_before_avatar_a_curious_boy,ted/features/audio/audio_607.pt,ted/features/lexical/lexical_607.pt,2294,296
https://www.ted.com/talks/the_lxd_in_the_internet_age_dance_evolves,ted/features/audio/audio_608.pt,ted/features/lexical/lexical_608.pt,3215,211
https://www.ted.com/talks/srikumar_rao_plug_into_your_hard_wired_happiness,ted/features/audio/audio_609.pt,ted/features/lexical/lexical_609.pt,3216,269
https://www.ted.com/talks/tim_berners_lee_the_year_open_data_went_worldwide,ted/features/audio/audio_610.pt,ted/features/lexical/lexical_610.pt,1042,70
https://www.ted.com/talks/gary_lauder_s_new_traffic_sign_take_turns,ted/features/audio/audio_611.pt,ted/features/lexical/lexical_611.pt,956,150
https://www.ted.com/talks/dan_barber_how_i_fell_in_love_with_a_fish,ted/features/audio/audio_612.pt,ted/features/lexical/lexical_612.pt,4818,156
https://www.ted.com/talks/eric_mead_the_magic_of_the_placebo,ted/features/audio/audio_613.pt,ted/features/lexical/lexical_613.pt,690,444
https://www.ted.com/talks/mark_roth_suspended_animation,ted/features/audio/audio_614.pt,ted/features/lexical/lexical_614.pt,1655,76
https://www.ted.com/talks/eric_dishman_take_health_care_off_the_mainframe,ted/features/audio/audio_615.pt,ted/features/lexical/lexical_615.pt,652,77
https://www.ted.com/talks/jane_mcgonigal_gaming_can_make_a_better_world,ted/features/audio/audio_616.pt,ted/features/lexical/lexical_616.pt,8736,997
https://www.ted.com/talks/ken_kamler_medical_miracle_on_everest,ted/features/audio/audio_617.pt,ted/features/lexical/lexical_617.pt,696,122
https://www.ted.com/talks/shekhar_kapur_we_are_the_stories_we_tell_ourselves,ted/features/audio/audio_618.pt,ted/features/lexical/lexical_618.pt,606,328
https://www.ted.com/talks/sam_harris_science_can_show_what_s_right,ted/features/audio/audio_619.pt,ted/features/lexical/lexical_619.pt,7766,1363
https://www.ted.com/talks/juliana_machado_ferreira,ted/features/audio/audio_620.pt,ted/features/lexical/lexical_620.pt,407,64